cell_id,group,c_gini
GTACTCCAGATATGCA-1,Normal,0.0434
ATTTCTGCATTCGTTT-1,Normal,0.044
GAACATCTCGAGGAGT-1,Normal,0.0444
GGTGAAGAGTCGACTT-1,Normal,0.0446
GCACTCTCATAGCACT-1,Normal,0.0452
GCATGATTCACGTTAG-1,Normal,0.0452
ATCATGGAGGACAGCT-1,Normal,0.0454
GCTGCGACAAGAGAGA-1,Normal,0.0456
ATGTGTGCAGTGTGGA-1,Normal,0.0458
CTTAGGAGTTCGTCAA-1,Normal,0.0458
GGCGACTGTACCAAGG-1,Normal,0.0464
GTAACTGTCTGGTGAT-1,Normal,0.0468
GTTCTCGCAAAGTAAC-1,Normal,0.0474
GGACATTTCACCATCC-1,Normal,0.0476
TGCTGCTTCAAGCCAT-1,Normal,0.0476
GTCTCGTTCACCACGG-1,Normal,0.0478
CGACTTCGTTTCCTGC-1,Normal,0.048
TGTGTTTAGGCACATG-1,Normal,0.048
TTGGCAAGTTAGTGAA-1,Normal,0.048
CCATGTCCAGCGCCAT-1,Normal,0.0484
CTCTGGTCACCACATA-1,Normal,0.0484
GCGCAGTTCGGAGAAC-1,Normal,0.0484
TACAGTGGTAGATCCT-1,Normal,0.0484
TAGACCAGTCTCCACT-1,Normal,0.0484
ACTATCTGTAACACTC-1,Normal,0.0486
ATCATGGAGACTGGGT-1,Normal,0.0486
GTAGGCCGTCTTCACC-1,Normal,0.0488
ACACCCTAGAAGATTC-1,Normal,0.049
AACTCAGGTGATACCT-1,Normal,0.0492
GCGCAGTAGGCTCTCG-1,Normal,0.0492
CATCAGATCAGTACAC-1,Normal,0.0494
CCTAAAGGTCGCGCTA-1,Normal,0.0496
TCATTACTCCAGTCTC-1,Normal,0.0496
ATCCACCCAGGTCCCA-1,Normal,0.05
GAGTCCGAGCGCGTCT-1,Normal,0.05
CACACTCAGAAACCAT-1,Normal,0.0502
GACACGCGTGTGTTCA-1,Normal,0.0502
TATGCCCCACCTCCAT-1,Normal,0.0502
TTTATGCTCAAGCCAT-1,Normal,0.0502
AGCTCCTCACATCGAT-1,Normal,0.0504
GCGCAGTAGGAATGGA-1,Normal,0.0504
GGTATTGCAGTGTGGA-1,Normal,0.0504
TGAGCATAGTTAGCGG-1,Normal,0.0504
CGATGTATCTATGCCC-1,Normal,0.0506
TCAATCTGTGTCCCTT-1,Normal,0.0508
TGGTTAGCATTCATCT-1,Normal,0.0508
ACGCCAGGTGGCCACT-1,Normal,0.051
CACTCCACACAAGGAC-1,Normal,0.051
CGTAGGCCAAGTGTTC-1,Normal,0.051
ATCATGGAGTTATCGC-1,Normal,0.0512
CAAGTTGGTGGTGAGT-1,Normal,0.0512
CCTTTCTCAGCGTACC-1,Normal,0.0512
ACTGCTCAGCAGCCCT-1,Normal,0.0514
CGAGCACGTGTCTAAC-1,Normal,0.0514
CTCGGGATCTGGAGTT-1,Normal,0.0514
CAAGAAATCATTTCGT-1,Normal,0.0516
CCCTCCTGTGGGCCTT-1,Normal,0.0516
TGAGCATTCGTTATTC-1,Normal,0.0516
TTTACTGCACAATGTC-1,Normal,0.0516
AAAGTAGAGTGACTCT-1,Normal,0.0518
ATCTGCCTCGGAATGG-1,Normal,0.0518
CTGGTCTGTGAGTCAG-1,Normal,0.0518
ATCTACTTCGTTGCTC-1,Normal,0.052
CTGAAACAGATAGTCA-1,Normal,0.052
GGACATTTCGTATCCC-1,Normal,0.052
TAGCCGGTCTCCGGAG-1,Normal,0.052
TAGTGGTGTTCCCTAC-1,Normal,0.052
TTGACTTTCGTTATTC-1,Normal,0.052
TTGCCGTTCCTGCGTT-1,Normal,0.0522
ATCCGAATCTCTTCCT-1,Normal,0.0524
CTGAAGTAGACCTTTG-1,Normal,0.0524
GACCAATAGTGGTAGC-1,Normal,0.0524
AAAGATGCAATGGGAC-1,Normal,0.0526
CAACTAGTCCGCCTAT-1,Normal,0.0526
GGGCATCTCTGGATCA-1,Normal,0.0526
AGCAGCCCACAGCTGC-1,Normal,0.0528
AGCGGTCAGTAGATCA-1,Normal,0.0528
CGGAGCTAGATCCGAG-1,Normal,0.0528
GGTGAAGGTAAACAGT-1,Normal,0.0528
ACTTTCAGTCAGTGGA-1,Normal,0.053
CTCGGAGTCTCCAGCT-1,Normal,0.053
CGTAGGCTCATCTTTG-1,Normal,0.0532
CTGCCTAAGCAGCCCT-1,Normal,0.0532
TATGCCCCAAACGGGT-1,Normal,0.0532
TGCACCTCATCTTTCA-1,Normal,0.0532
TTCGAAGCATGGCTAT-1,Normal,0.0532
TTCTACAAGCTGCACC-1,Normal,0.0532
CTTAGGAAGACGCACA-1,Normal,0.0534
GTATCTTAGCTAAACA-1,Normal,0.0534
TACGGATTCCTAGACA-1,Normal,0.0534
TAGTGGTGTTCTTTGT-1,Normal,0.0534
CAGAATCGTTAGTCAC-1,Normal,0.0536
TAAGAGATCGCGTGGT-1,Normal,0.0536
TATCAGGGTGCGTCAC-1,Normal,0.0536
ATAGACCGTTACTGAC-1,Normal,0.0538
TGTTCCGCACATTCAG-1,Normal,0.0538
TTGGCAAGTGTTCGAT-1,Normal,0.0538
TACTTGTAGAGAGCTC-1,Normal,0.054
TAGCCGGTCATTCGCC-1,Normal,0.054
TCAGATGGTTTCCTGC-1,Normal,0.054
TTAACTCGTCTTCGTC-1,Normal,0.054
GCTGCAGCAGTCCGCA-1,Normal,0.0542
AGTCTTTGTAGGGTGT-1,Normal,0.0544
CAGTCCTAGGTGTGGT-1,Normal,0.0544
TGGCGCAGTCGGCATC-1,Normal,0.0544
AGGGATGTCAGAAACA-1,Normal,0.0546
CCGTACTGTCTTCGTC-1,Normal,0.0546
GTTCTCGGTGGAAACC-1,Normal,0.0546
TTAGGCACATTTCCAT-1,Normal,0.0546
ACACCGGGTTCGTCAA-1,Normal,0.0548
ACGGGTCAGAATCGTA-1,Normal,0.0548
CCTATTATCCACCGGA-1,Normal,0.055
CGTTCTGGTTCTTTGT-1,Normal,0.055
TTATGCTTCCGTGCTT-1,Normal,0.055
ACTTGTTAGACTCGGA-1,Normal,0.0552
GGAACTTAGTGACATA-1,Normal,0.0552
GTGAAGGCATGTAGCT-1,Normal,0.0552
CGCGTTTTCACGACGC-1,Normal,0.0554
GTATTCTGTCAAACTC-1,Normal,0.0554
TCGTAGACAAAGTGGC-1,Normal,0.0554
TGTATTCTCCTGACAA-1,Normal,0.0554
CCACCTACAAACGGGT-1,Normal,0.0556
CGTGAGCCAACGGCTC-1,Normal,0.0556
TGCGGGTTCGATTGCA-1,Normal,0.0556
TGGACGCAGGCCGAAT-1,Normal,0.0556
AACTCTTGTATTGAAG-1,Normal,0.0558
AGGTCATCAGTTCCGG-1,Normal,0.0558
GGTGTTATCGGGCTCA-1,Normal,0.0558
TATTACCGTATCTCTT-1,Normal,0.0558
TTGGCAACAGAAAGCC-1,Normal,0.0558
TTTATGCTCCCAGAAT-1,Normal,0.0558
CCGTTCACAGGTGCAA-1,Normal,0.056
CTCTAATGTTGCTGAT-1,Normal,0.056
GTCTTCGTCTTCACAT-1,Normal,0.056
AACACGTTCGGAGAGT-1,Normal,0.0562
GAAGCAGGTCTGCCAG-1,Normal,0.0564
GGCAATTTCACTGCGG-1,Normal,0.0564
TCTTCGGAGTGTACGG-1,Normal,0.0564
CGGGTCATCATCAGCA-1,Normal,0.0566
TTCTACAAGTCCGGTC-1,Normal,0.0566
TTTGGTTAGTGTACGG-1,Normal,0.0566
ACTATCTGTAGGTCGA-1,Normal,0.0568
AGGGATGAGCAGACTG-1,Normal,0.0568
ATCGAGTGTGCAAACG-1,Normal,0.0568
GGGACCTTCTATTGCT-1,Normal,0.0568
ACCGTAACAAACTCAC-1,Normal,0.057
AACTCTTGTAGATAGT-1,Normal,0.0572
AGCCTAAGTGCTCGAC-1,Normal,0.0572
CAGCATACAATACTGC-1,Normal,0.0572
CGTCTACGTCGGAAGT-1,Normal,0.0572
CTCGGGAAGGCTGCTC-1,Normal,0.0572
TGCGGGTAGGTGCTAG-1,Normal,0.0572
TCCACACCAAACGAGC-1,Normal,0.0574
CGAACATAGGAGTCTG-1,Normal,0.0576
CTGTGCTCAACCTCAA-1,Normal,0.0576
GTCGTAAAGGCCCACT-1,Normal,0.0576
TCGTACCAGGACACCA-1,Normal,0.0576
ATCTACTCACCTGGCA-1,Normal,0.0578
CACCAGGGTCCGCAAC-1,Normal,0.0578
CTCGGAGTCCCAGAAT-1,Normal,0.0578
GCCTCTAGTTATGCGT-1,Normal,0.0578
GCTCCTATCTAAGACC-1,Normal,0.0578
ATCACGAGTAGGGTGT-1,Normal,0.058
GAATAAGCATTCTTCA-1,Normal,0.058
GCAATCACATTCAGCA-1,Normal,0.058
ACATCAGCACAGCTGC-1,Normal,0.0582
CTCAGAACAGCGCATC-1,Normal,0.0582
GAGGTGACAGATGAAT-1,Normal,0.0582
GGGTTGCTCCGCTCTA-1,Normal,0.0582
TTTACTGCACGCGATC-1,Normal,0.0582
ACCAGTAGTACCACTA-1,Normal,0.0584
CCTTCGAAGGACCAGT-1,Normal,0.0584
GCGCCAATCTCGAACA-1,Normal,0.0584
GTGCATAGTGACGGTA-1,Normal,0.0584
GTTAAGCGTGGAGCTA-1,Normal,0.0584
TCGGGACGTTAAGCCT-1,Normal,0.0584
ACGAGGAGTTAACCTG-1,Normal,0.0586
CACTCCATCAGTACCA-1,Normal,0.0586
GGACATTAGAAAGCTT-1,Normal,0.0586
TCACAAGAGTTAGGGC-1,Normal,0.0586
TGCCCTATCCGCGAGT-1,Normal,0.0586
TGGTTAGTCGAATGTC-1,Normal,0.0586
AGAGCGAGTTTCCGAA-1,Normal,0.0588
CGTGAGCCAGCGTACC-1,Normal,0.0588
CTCGAAACAGTAATCC-1,Normal,0.0588
TGTCCCACACGTACAT-1,Normal,0.0588
CAAGAAATCCGGTTCT-1,Normal,0.059
CCATGTCCAGCGCTTG-1,Normal,0.059
CGCTGGAGTCGAGTAG-1,Normal,0.059
GACTGCGCAGGGACTA-1,Normal,0.0592
TAGAGCTAGGTGCTAG-1,Normal,0.0592
CGACCTTTCTCATCTA-1,Normal,0.0594
CGGGTCAGTTGACGGA-1,Normal,0.0594
GTGTGCGCACTCTGGG-1,Normal,0.0594
TGAGAGGGTCAACATC-1,Normal,0.0594
GATGAGGCAGCTTGAT-1,Normal,0.0596
ACCTTTATCATCGCCT-1,Normal,0.0598
AGCGGTCGTCCTCCAT-1,Normal,0.0598
GGCTGGTGTGTCTCAA-1,Normal,0.06
GTAACGTAGCAGATCG-1,Normal,0.06
CACCTTGTCCGCTCTA-1,Normal,0.0602
GTCACAATCCCACAAA-1,Normal,0.0602
GTGGGTCAGGCTCTTA-1,Normal,0.0602
TACCTTAGTGATTACC-1,Normal,0.0602
CACCTTGGTGCACTTA-1,Normal,0.0604
CCCATACCACTGGCCA-1,Normal,0.0604
CTGATCCAGCCCAATT-1,Normal,0.0606
GTGGGTCTCTCCCTAG-1,Normal,0.0606
TAGACCACATCCGGCA-1,Normal,0.0606
AGGCCGTAGACTCGGA-1,Normal,0.0608
ATAGACCCACATTCAG-1,Normal,0.0608
CTGCGGAGTTAGAATG-1,Normal,0.0608
GAAACTCGTAGACGAC-1,Normal,0.0608
TGACAACAGCGTCAAG-1,Normal,0.0608
TGCCAAATCTTCTAAC-1,Normal,0.061
CTACATTTCCAGACCG-1,Normal,0.0612
TGACTAGTCCACGATA-1,Normal,0.0612
AGATCTGCAAGCTACT-1,Normal,0.0614
GCCAAATAGGTCGGAT-1,Normal,0.0614
AGGGAGTGTGGTAAGC-1,Normal,0.0616
GCCTCTAGTCAGTGGA-1,Normal,0.0616
TCATTTGTCACACGGC-1,Normal,0.0616
CACCAGGCAAACGAGC-1,Normal,0.0618
CTCGGAGGTACGGTGA-1,Normal,0.0618
GACGGCTTCAAGTTGC-1,Normal,0.0618
ACTGCTCAGCCAACAG-1,Normal,0.0622
ATAGACCAGATCCCGC-1,Normal,0.0622
GGCGACTAGCAGACTG-1,Normal,0.0622
TACTTGTAGGAGTCTG-1,Normal,0.0622
GTGCAGCCACAGCTAT-1,Normal,0.0624
TCGCGTTAGATTCACC-1,Normal,0.0624
TGAGCCGGTCCCACAG-1,Normal,0.0624
AACTCTTCACGCTGAC-1,Normal,0.0626
AGGGTGAAGACAAAGG-1,Normal,0.0626
CGGGTCAAGTGGTAAT-1,Normal,0.0626
TGAGCCGGTTATGTGC-1,Normal,0.0626
CGTAGCGGTATCTCTT-1,Normal,0.0628
GATGCTATCACACGGC-1,Normal,0.0628
GGCTGGTCATTACTTC-1,Normal,0.063
GGTGTTACAAGCTACT-1,Normal,0.063
TTCTCAACAACCGGAA-1,Normal,0.063
AGCGGTCGTGGATAAT-1,Normal,0.0632
CGTGAGCCAGTTATGC-1,Normal,0.0632
AGGTCCGTCCCGTTGT-1,Normal,0.0634
CAGAATCCAGCCCGAT-1,Normal,0.0634
TTGTAGGGTGGGAAGG-1,Normal,0.0634
GCGAGAATCTGGGACC-1,Normal,0.0636
TTGACTTGTGGAAAGA-1,Normal,0.0636
ACTGAGTGTTAGAATG-1,Normal,0.0638
CGAGCCATCGGAGTTT-1,Normal,0.0638
GGACATTTCCTACCCA-1,Normal,0.0638
TCTATTGAGAAGGCCT-1,Normal,0.0638
GAGGTGACAAGGCTAG-1,Normal,0.064
AGCATACGTAACACTC-1,Normal,0.0642
CTCCTAGTCTCCAGCT-1,Normal,0.0642
GACCTGGGTAGGATAT-1,Normal,0.0642
TCACAAGTCGAATGTC-1,Normal,0.0642
GGCAATTCATAACAAG-1,Normal,0.0644
GGCGTGTCAAACCGAG-1,Normal,0.0644
TGATTTCGTTGGCGTC-1,Normal,0.0644
ACATCAGGTGACGGTA-1,Normal,0.0646
CTCGTACTCTAGCAGT-1,Normal,0.0646
GATCGCGAGCCTGATT-1,Normal,0.0646
GTCAAGTCAATGGTAA-1,Normal,0.0646
ACTTGTTGTCTCGGTG-1,Normal,0.0648
AGTGGGAGTAGGGACT-1,Normal,0.0648
TACTCATCATCCACGG-1,Normal,0.065
TTCCCAGAGGGTAGGG-1,Normal,0.065
AAAGCAAGTGCTATTG-1,Normal,0.0652
CGTCTACAGTGGGTTG-1,Normal,0.0652
TGGTTCCAGCGTCAAG-1,Normal,0.0654
CTACACCTCCCGCATT-1,Normal,0.0656
ATCACGACACTTCTTA-1,Normal,0.0658
CTCGTCAGTTTCCTGC-1,Normal,0.0658
CTCTACGCATATGTGC-1,Normal,0.0658
CAGTAACAGTACGTAA-1,Normal,0.066
GGCTCGATCATCACTT-1,Normal,0.066
CTCTACGGTCATCTGA-1,Normal,0.0662
CTTACCGGTCAGCCGT-1,Normal,0.0662
GTCACAACAGCGTGTC-1,Normal,0.0662
TTAGGCAAGCTGAAAT-1,Normal,0.0662
GGAGCAATCTGTATGG-1,Normal,0.0664
TTAACTCCAACACCGC-1,Normal,0.0664
CTTACCGGTAACAGCG-1,Normal,0.0666
GGTGTTAAGCGACGTA-1,Normal,0.0666
TTAACTCTCCCGCATT-1,Normal,0.0666
ACACTGAGTCGATACT-1,Normal,0.067
CAGCGACGTATCGCCG-1,Normal,0.067
CACAGTAAGGTGACCA-1,Normal,0.0672
ACGGAGAGTTGCGGCT-1,Normal,0.0674
CATCGGGAGATCTGCT-1,Normal,0.0674
CGACTTCCATCCCAAA-1,Normal,0.0674
GATGAAACATGCCGCA-1,Normal,0.0674
TAGACCATCCCACAAA-1,Normal,0.0674
CAAGATCCAACGACGA-1,Normal,0.0676
CTGAAGTAGTAGTGCG-1,Normal,0.0676
CCACCTACATCGGGCT-1,Normal,0.0678
GGAACTTTCTAGCTAG-1,Normal,0.0678
TGAGAGGGTGAAGCCA-1,Normal,0.068
GAACATCTCAAGTGCT-1,Normal,0.0682
ACGGCCACATGAATGA-1,Normal,0.0684
ATAGACCCACTAACTG-1,Normal,0.0684
CCGTGGAGTAAACAGT-1,Normal,0.0684
GACCAATTCTACGGCG-1,Normal,0.0684
GATGAAAAGGCTACGA-1,Normal,0.0684
GCAGCCATCCTACCTG-1,Normal,0.0684
TGCCAAAGTGCGGTAA-1,Normal,0.0684
AGCCTAAGTTGATCGT-1,Normal,0.0686
CCTTCCCCATCCAGCG-1,Normal,0.0686
CGTGAGCTCGTAGCGC-1,Normal,0.0686
CATCCACAGCAATCTC-1,Normal,0.0688
GCCTCTACACGTAGGA-1,Normal,0.0688
TGGCGCAAGCAGACTG-1,Normal,0.0688
AGAGTGGGTCAAGCCC-1,Normal,0.069
CTCACACTCTCATGTT-1,Normal,0.069
TATCAGGTCATATCTC-1,Normal,0.0692
TGCTACCGTGCTTTGA-1,Normal,0.0692
GTCACGGTCGTAAGGG-1,Normal,0.0694
TGGCGCAAGCGCCTTG-1,Normal,0.0694
ACATCAGCAACTAGTC-1,Normal,0.0698
GAGGTGACATAGACAA-1,Normal,0.0698
GCGCGATGTCATGGCC-1,Normal,0.07
GGCTCGATCGCGAGAA-1,Normal,0.07
CACATAGCACGTAGGA-1,Normal,0.0702
CTCTGGTGTTAGCTCA-1,Normal,0.0704
CTGGTCTTCGTGCTAA-1,Normal,0.0706
CTTGGCTAGGTAGCCA-1,Normal,0.0706
ACAGCCGTCCTCTGTG-1,Normal,0.0708
CCTTACGTCTGGGATT-1,Normal,0.0708
CTACGTCCAGCGCATC-1,Normal,0.0708
CTGATCCCAACAGAGC-1,Normal,0.0708
TCTTCGGTCTCAGCGG-1,Normal,0.0708
TCTTTCCTCGCACAGC-1,Normal,0.0708
CAAGAAATCCACGATA-1,Normal,0.071
TACTTACCAGGTCAAG-1,Normal,0.071
TCGGTAAGTTGATCTG-1,Normal,0.0712
GCTGCAGGTTCGATTG-1,Normal,0.0714
GTCATTTAGGTAGCCA-1,Normal,0.0716
TCAGATGGTCACATGT-1,Normal,0.0716
TCATTACCAGAACCAG-1,Normal,0.0716
TCGTACCCAGTACTCA-1,Normal,0.0716
ACAGCTAAGGCATTGG-1,Normal,0.0718
GCTTCCAAGGGAGTAA-1,Normal,0.0718
TACCTTAAGTACAGTA-1,Normal,0.0718
TTAACTCTCTCGGTTC-1,Normal,0.0718
ACCGTAATCAGTGAAA-1,Normal,0.0722
ACGGCCAGTTGTAGCT-1,Normal,0.0724
CAGTCCTCACTTCAGA-1,Normal,0.0724
TCCCGATCACTACGTA-1,Normal,0.0726
AGGGATGGTTTCCGAA-1,Normal,0.0728
GTTCATTGTCACATGT-1,Normal,0.0728
CCTTTCTCATTGGTCA-1,Normal,0.073
GCGGGTTAGAGCGAAA-1,Normal,0.0734
TAGAGCTTCACACCTC-1,Normal,0.0734
AACCATGGTCTACATG-1,Normal,0.0736
CATCAGAAGGCGCTCT-1,Normal,0.0736
ACGGGTCGTTCTTCGC-1,Normal,0.0738
GACCTGGGTACCGCTG-1,Normal,0.0738
CGTTGGGCACCACATA-1,Normal,0.074
CTCTAATTCCGTAATG-1,Normal,0.074
GTGCATAGTCGCTGTG-1,Normal,0.074
TTCTTAGCATCCCTTG-1,Normal,0.074
TTTGTCATCCGCACGA-1,Normal,0.074
CACCACTTCCTCTCAG-1,Normal,0.0742
CCGGTAGTCTTGCGGG-1,Normal,0.0744
CCGTGGAGTCACCGCA-1,Normal,0.0748
TATGCCCCATCGGGCT-1,Normal,0.0748
GCATGCGTCCGTTAAG-1,Normal,0.075
CTAAGACGTGCTCGAC-1,Normal,0.0752
TCAGATGTCGAACAAA-1,Normal,0.0754
GACCAATCACCAAAGG-1,Normal,0.0756
GGACATTCAGGTCCCA-1,Normal,0.0756
TCGTAGACACTACGTA-1,Normal,0.0756
CGTGTCTTCAGTGCCG-1,Normal,0.0758
GGATTACAGTAATCCC-1,Normal,0.0758
CCGTACTGTACCAGCC-1,Normal,0.0764
ACGCAGCCACTGCGCA-1,Normal,0.0766
CGCTATCAGGGAGTAA-1,Normal,0.0766
ACATCAGAGGCCCGTT-1,Normal,0.0768
TTAGTTCCAATAACAG-1,Normal,0.0768
TCGCGAGCAGACAGTG-1,Normal,0.0776
CACCACTAGCCAACAG-1,Normal,0.0784
CAGAATCCAAGACTTC-1,Normal,0.079
ACTGTCCCAGACGAGT-1,Normal,0.0802
TTTATGCCACCTATGA-1,Normal,0.0802
TGAGCCGGTCGCAAGA-1,Normal,0.0804
ACAGCCGTCTTGGCCT-1,Normal,0.0808
ACGCAGCTCTGACGCG-1,Normal,0.0808
CTGCGGAAGCGCGATA-1,Normal,0.0814
GGACATTTCGTTACTT-1,Normal,0.082
TCTTTCCCAAGAGACC-1,Normal,0.0824
TGCGTGGCACACTCGG-1,Normal,0.0826
TTTATGCAGTCGAGTG-1,Normal,0.0826
GCAGTTATCTGCTACC-1,Normal,0.0828
CTTACCGGTGTGTTCA-1,Normal,0.0838
GACGTGCAGCTAAACA-1,Normal,0.0842
TTCCCAGAGTATGACA-1,Normal,0.0842
ATTCTACGTCCGGTTG-1,Normal,0.0844
TATCAGGCACGAGTTT-1,Normal,0.0844
CATGGCGTCGATAGGG-1,Normal,0.0848
AAAGCAATCCAACCGG-1,Normal,0.0852
CTAGAGTGTACGTAAA-1,Normal,0.0856
GGTGCGTGTCAAACTC-1,Normal,0.086
TGCGTGGTCGATCCGG-1,Normal,0.086
AGGTCATCACCTATGA-1,Normal,0.0866
CTGATCCGTACTCGCG-1,Normal,0.0866
GTCGTAAAGCCTATGT-1,Normal,0.0884
GCGCAACCACCTATGA-1,Normal,0.0888
TCCCGATCATCCCTTG-1,Normal,0.0896
GCGCGATTCTTGGCCT-1,Normal,0.0904
AGCCTAATCGCTAGTA-1,Normal,0.092
CCACGGAAGAGTAAGG-1,Normal,0.0922
CTCGTACGTACTACAC-1,Normal,0.0924
AAATGCCTCGGGCTTG-1,Normal,0.0938
ACGCCAGCAAGGTATA-1,Normal,0.0958
AGCGTCGGTCGTAATC-1,Normal,0.0962
GTCTCGTAGTAGCGGT-1,Normal,0.0974
TGCCCTAAGGATCGCA-1,Normal,0.0988
TAGAGCTCAACGTTTG-1,Normal,0.0996
CTTAACTGTATAAGTG-1,Normal,0.1016
TGTGTTTGTACGTAAA-1,Normal,0.1026
CGTTCTGAGCGTCTAT-1,Normal,0.1042
TGGCTGGAGCGTCTAT-1,Normal,0.106
CTGTGCTGTCTCTATT-1,Cancer,0.1262
GACACGCCAAGCTACT-1,Cancer,0.1272
CTCGGAGGTCACATGT-1,Cancer,0.1468
TACGGTAAGAGACTAT-1,Cancer,0.1514
ACAGCCGAGCGTGAAC-1,Cancer,0.1808
ATCATGGAGACAGGCT-1,Cancer,0.1858
GCACATACAGCGTGTC-1,Cancer,0.1862
AACTCAGAGTTAGGTA-1,Cancer,0.1866
GGGCACTGTACCGTGC-1,Cancer,0.191
GAAATGATCTAAGGAA-1,Cancer,0.1918
GCTGCAGTCTGGCAGC-1,Cancer,0.1938
CGATCGGTCCCATGTC-1,Cancer,0.1946
GGGAATGCAACCCACG-1,Cancer,0.1948
ATCCACCTCCAAGGGA-1,Cancer,0.1952
ATGTGTGCAGGCCGTT-1,Cancer,0.1966
GACACGCTCGGGCTTG-1,Cancer,0.1996
TGGCCAGGTTCTGTCC-1,Cancer,0.2038
CTGCCTATCATCACTT-1,Cancer,0.2058
ACGGCCAGTCGCGAAA-1,Cancer,0.2062
GCACATATCAAGTGCT-1,Cancer,0.2064
GATTCAGGTTTACGGT-1,Cancer,0.2066
GTACTTTAGCCCAATT-1,Cancer,0.2076
GACGTGCTCCTTATTG-1,Cancer,0.2078
AAACGGGTCAAAGTGA-1,Cancer,0.2082
AAGCCGCGTTGACGGA-1,Cancer,0.2088
ACTGAACAGCTAACTC-1,Cancer,0.2096
CAGCTGGTCACACCTC-1,Cancer,0.21
CGCTTCATCCCATGTC-1,Cancer,0.2116
ACCTTTAGTATCGCCG-1,Cancer,0.2128
TGTCCCAAGCGACGTA-1,Cancer,0.2198
CGGAGCTCAGGTGTGA-1,Cancer,0.2214
TAGACCAGTAACGCGA-1,Cancer,0.2318
GTGTGCGTCCAGGCGT-1,Cancer,0.2358
ATGGGAGTCAGGACTT-1,Cancer,0.2364
TTGACTTAGAACAATC-1,Cancer,0.2434
CAGCATACAGCTATGT-1,Cancer,0.247
GCATACACACAGCTGC-1,Cancer,0.2474
TACGGGCCATACAGAA-1,Cancer,0.255
AGGGAGTAGCTAACAA-1,Cancer,0.2552
