,c_gini,c_ploidy
AAACCTGAGATCTGCT-1,0.1384,3.55
AAACCTGGTACCGCTG-1,0.117,2
AAACCTGGTGCTGTAT-1,0.1112,2
AAACCTGTCCGCGGAT-1,0.6128,1.65
AAACGGGCATGTATGC-1,0.0984,2
AAACGGGGTGACATGG-1,0.1394,2
AAACGGGTCGTGTGGC-1,0.072,2
AAAGATGAGTGTCTCA-1,0.0762,2
AAAGATGGTAAGTGTA-1,0.0754,2
AAAGATGGTGCGTCAC-1,0.0816,2
AAAGATGGTGTAAAGT-1,0.114,2
AAAGATGGTTGGTATC-1,0.0682,2
AAAGATGTCTCATCTA-1,0.0924,2
AAAGATGTCTCATGTT-1,0.1212,1.95
AAAGCAAAGATCTGAA-1,0.109,2
AAAGCAAAGCCAACAG-1,0.1074,2
AAAGCAAAGCCCGAAA-1,0.1238,2
AAAGCAAAGTGGCACA-1,0.0922,2
AAAGCAACAGGGATCA-1,0.0778,2
AAAGCAAGTACCTTGA-1,0.1224,2
AAAGCAATCAACAGCT-1,0.0746,2
AAAGCAATCGATAAGA-1,0.1182,2
AAAGTAGAGTGGCACA-1,0.0998,2
AAAGTAGGTAGATGCG-1,0.0792,2
AAAGTAGTCACTCATT-1,0.1058,2
AAATGCCAGACTGGCA-1,0.083,2
AAATGCCAGGTGTGGT-1,0.08,2
AAATGCCCATCATGGT-1,0.0848,2
AAATGCCCATCTGTAG-1,0.1318,2
AAATGCCGTACTGCTA-1,0.1008,2
AAATGCCTCCCGTTGT-1,0.1468,3.5
AAATGCCTCCCTAAGA-1,0.1378,2
AAATGCCTCCGACGTG-1,0.122,2
AACACGTTCGACCATA-1,0.1002,2
AACACGTTCTGTGGCG-1,0.094,2
AACCATGAGTGGAGTC-1,0.067,2
AACCATGCAATGGGAC-1,0.0774,2
AACCATGCATTTGCGA-1,0.0752,2
AACCATGTCAAGCCAT-1,0.0764,2
AACCATGTCGGTAAGG-1,0.1164,2
AACCGCGAGCTAAGAT-1,0.0928,2
AACCGCGCAAACTCAC-1,0.0734,2
AACCGCGTCGGTGCGT-1,0.1474,2
AACGTTGCAACATCAC-1,0.0766,2
AACGTTGCAATCCGTA-1,0.0986,2
AACGTTGCAGGTCAAG-1,0.0924,2
AACGTTGCATGCGTGC-1,0.0822,2
AACGTTGTCCACGATA-1,0.0972,2
AACGTTGTCGACCCTT-1,0.066,2
AACGTTGTCGCGCACA-1,0.0998,2
AACTCAGAGGTGCTAG-1,0.094,2
AACTCAGGTACGTGCC-1,0.0738,2
AACTCAGGTGACCAAG-1,0.108,2
AACTCCCCACCTTGCT-1,0.0858,2
AACTCCCGTATGCGGA-1,0.0896,2
AACTCCCTCATAGGAA-1,0.1134,2
AACTCCCTCCTGCGTT-1,0.0896,2
AACTCCCTCGGAGAGT-1,0.0896,2
AACTCTTAGACAGACC-1,0.0752,2
AACTCTTAGGGAAACA-1,0.0832,2
AACTCTTCAAACTCAC-1,0.075,2
AACTCTTTCAGGACTT-1,0.0954,2
AACTGGTTCACCGCAG-1,0.0916,2
AACTGGTTCGAGGTGA-1,0.0856,2
AACTTTCAGGCTAGAC-1,0.1592,3.55
AACTTTCAGGCTAGCA-1,0.0786,2
AACTTTCCAACACCGC-1,0.0882,2
AACTTTCCAACCGGAA-1,0.1022,2
AACTTTCCAATGGCAG-1,0.1098,2
AACTTTCCACGATCTA-1,0.0876,2
AACTTTCCAGGTCTGC-1,0.0838,2
AACTTTCGTACCAACT-1,0.0814,2
AACTTTCTCTAGCTAG-1,0.1008,2
AACTTTCTCTGGTCCT-1,0.0788,2
AAGACCTCACTCTGGG-1,0.0996,2
AAGACCTCATCGTCAA-1,0.1496,3.55
AAGACCTCATTCCGAA-1,0.1006,2
AAGACCTGTAGGTTTC-1,0.0778,2
AAGACCTTCAAGCCAT-1,0.0796,2
AAGACCTTCCGCACGA-1,0.1158,2
AAGACCTTCCGTCTAC-1,0.0702,2
AAGACCTTCGCTATTT-1,0.1204,2
AAGCCGCAGTCGTCCG-1,0.087,2
AAGCCGCCAGGAGCAT-1,0.1116,1.95
AAGCCGCCATTCCGAA-1,0.0976,2
AAGCCGCGTAACTTCG-1,0.118,2
AAGCCGCGTGTGATCT-1,0.0706,2
AAGCCGCGTTGCCAAT-1,0.084,2
AAGGAGCAGCCCAGCT-1,0.093,2
AAGGAGCAGTAACCCT-1,0.0808,2
AAGGAGCAGTACGTTC-1,0.1384,3.6
AAGGAGCAGTCGACTT-1,0.0868,2
AAGGAGCCACAGCTGC-1,0.0772,2
AAGGAGCCATATGTGC-1,0.0842,2
AAGGAGCGTGGAAACC-1,0.078,2
AAGGAGCGTGTGTTCA-1,0.088,2
AAGGCAGCAATTCACG-1,0.095,2
AAGGCAGGTAGACGAC-1,0.1452,3.55
AAGGCAGTCTACGGGC-1,0.0756,2
AAGGCAGTCTCATACT-1,0.0804,2
AAGGTTCAGTCCATAC-1,0.084,2
AAGGTTCAGTGCGATG-1,0.1084,2
AAGGTTCAGTGCTGCC-1,0.0756,2
AAGGTTCGTTGCCTCT-1,0.0758,2
AAGTCTGCACGTCGGT-1,0.0798,2
AAGTCTGGTACGTTCA-1,0.0782,2
AAGTCTGGTTCAGGTT-1,0.083,2
AATCCAGAGCACAGGT-1,0.101,2
AATCCAGAGGGTGTGT-1,0.0798,2
AATCCAGCAAGCATGG-1,0.1068,2
AATCCAGCATACGTTG-1,0.1106,2
AATCCAGGTACAACGG-1,0.1018,2
AATCCAGTCATAGGAA-1,0.1642,2.5
AATCCAGTCATGCGCG-1,0.12,2
AATCCAGTCCTGAAGT-1,0.1752,2
AATCCAGTCGCCTGGA-1,0.1086,2
AATCGGTAGCTAACTC-1,0.0702,2
AATCGGTTCCGCTTGT-1,0.1038,2
ACACCAAAGCTGAAAT-1,0.1016,2
ACACCAAAGGGCCATA-1,0.093,2
ACACCAAAGGTTCCTA-1,0.0902,2
ACACCAACAAGGGATC-1,0.0682,2
ACACCAACAAGTGTTC-1,0.0768,2
ACACCAAGTACGTTTG-1,0.0854,2
ACACCAAGTGAGCTCC-1,0.0836,2
ACACCCTAGAGAGCTC-1,0.0816,2
ACACCCTAGCTGAAAT-1,0.0948,2
ACACCCTAGGTGCTTT-1,0.0882,2
ACACCCTCAAATCAGA-1,0.0922,2
ACACCCTCATCCATAG-1,0.1134,2
ACACCCTGTAACCGAG-1,0.088,2
ACACCCTGTAAGCGCA-1,0.093,2
ACACCCTGTGCTTTGA-1,0.1346,2
ACACCCTTCAGCAGCC-1,0.09,2
ACACCGGAGGTACTCT-1,0.0824,2
ACACCGGCAACCTGAT-1,0.0958,2
ACACCGGGTGACCCAC-1,0.0786,2
ACACCGGGTTCCACAA-1,0.0992,2
ACACCGGGTTGCCTCT-1,0.1038,3.25
ACACCGGTCGCCTGGA-1,0.0712,2
ACACCGGTCTACGGAT-1,0.139,3.6
ACACTGATCCTGAAGT-1,0.0648,2
ACAGCCGAGCCAACAG-1,0.0994,2
ACAGCCGAGCTTCAGT-1,0.0764,2
ACAGCCGAGGCCCTTG-1,0.1054,2
ACAGCCGCACGTAGGA-1,0.1044,2
ACAGCCGGTAACTGTC-1,0.0838,2
ACAGCCGTCTCTCTAA-1,0.109,2
ACAGCTAAGGGCTTCC-1,0.122,1.95
ACAGCTAAGTAAGTAC-1,0.091,2
ACAGCTAAGTGACTCT-1,0.0768,2
ACAGCTACAGCGTGTC-1,0.0756,2
ACAGCTAGTTAGAGCG-1,0.102,2
ACAGCTATCCTTGAAG-1,0.0982,2
ACATACGAGAGTAATC-1,0.1096,2
ACATCAGAGACAAGCC-1,0.0762,2
ACATCAGAGGACTGGT-1,0.0822,2
ACATCAGCAATGGCTT-1,0.076,2
ACATCAGTCTAAGTGC-1,0.1744,1.95
ACATCAGTCTAGCCTC-1,0.0836,2
ACATGGTAGAGTCTGG-1,0.093,2
ACATGGTGTACCTTGA-1,0.1212,2
ACATGGTGTGGTGAGT-1,0.0796,2
ACATGGTTCTTTCGTA-1,0.0976,2
ACCAGTAAGGGTCGAT-1,0.0756,2
ACCAGTAAGGTAAACT-1,0.0858,2
ACCAGTACACGATCTA-1,0.0788,2
ACCAGTACACGCTGAC-1,0.0768,2
ACCAGTAGTCAAGTTC-1,0.0812,2
ACCCACTAGAGTCCTT-1,0.109,5.55
ACCCACTCAACACGTT-1,0.121,2
ACCGTAACAAACGGGT-1,0.073,2
ACCGTAACAACGGCTC-1,0.0812,2
ACCGTAACACAGAAAT-1,0.102,2
ACCGTAACACGTCATA-1,0.0968,2
ACCTTTAAGGTGCTAG-1,0.0974,2
ACCTTTAGTGACCCGT-1,0.1518,2
ACGAGCCAGGGTTTCT-1,0.0852,2
ACGAGCCAGTTTGCGT-1,0.0768,2
ACGAGCCCAGGTTAAA-1,0.171,2
ACGAGCCCAGTTCCGG-1,0.085,2
ACGAGGAAGGGCTTCC-1,0.0688,2
ACGAGGACAACAGAGC-1,0.07,2
ACGAGGACAACTCGCG-1,0.1202,2
ACGAGGACACACACGC-1,0.0892,2
ACGAGGAGTAGCGTCC-1,0.085,2
ACGATACAGAGCTATA-1,0.1114,2
ACGATACCAACTCATG-1,0.1238,2
ACGATACTCTTGGCCT-1,0.077,2
ACGATGTAGGGTTCCC-1,0.0776,2
ACGATGTAGTAGTGCG-1,0.094,2
ACGATGTGTGCTGTAT-1,0.1158,2
ACGATGTTCCTACGAA-1,0.1258,2
ACGATGTTCTCAGATG-1,0.1162,2
ACGATGTTCTCCGGAG-1,0.1006,2
ACGATGTTCTGGTAGT-1,0.1044,2
ACGCAGCAGAAGGCCT-1,0.0848,2
ACGCAGCAGTAGTATG-1,0.1104,2
ACGCAGCCAAGTGAGC-1,0.0638,2
ACGCAGCTCCCGTTGT-1,0.0782,2
ACGCCAGAGAAAGCTT-1,0.0804,2
ACGCCAGCAACGACTT-1,0.067,2
ACGCCAGCACGAGATG-1,0.1264,2
ACGCCAGCATAGCACT-1,0.194,2
ACGCCAGGTCTTCGTC-1,0.1142,2
ACGCCAGGTTCCCACT-1,0.1952,2
ACGCCAGTCCGTACCT-1,0.0808,2
ACGCCAGTCTGGGACC-1,0.0738,2
ACGCCGACAACCGCTG-1,0.1156,2
ACGCCGACATATGTGC-1,0.0794,2
ACGCCGAGTATGTAGA-1,0.114,2
ACGCCGAGTCGCTCAG-1,0.0966,2
ACGCCGAGTCTGCGCA-1,0.097,2
ACGCCGAGTGCACACC-1,0.0778,2
ACGCCGATCTCGAGCG-1,0.1116,2
ACGCCGATCTGTATTC-1,0.0856,2
ACGGAGAAGACTAAGT-1,0.0942,2
ACGGAGACAACACCGC-1,0.0864,2
ACGGAGACAGCGCTTG-1,0.1272,2
ACGGAGACAGCTTGAT-1,0.0686,2
ACGGAGATCACCAGCG-1,0.1118,2
ACGGAGATCGCTCTAC-1,0.0864,2
ACGGCCATCAGGACAG-1,0.0916,2
ACGGCCATCCAACGAT-1,0.0812,2
ACGGGCTCAAACCCTA-1,0.0894,2
ACGGGCTCATATCGCA-1,0.0942,2
ACGGGTCAGGTAGCCA-1,0.0836,2
ACGGGTCCAACGCTTA-1,0.0976,2
ACGGGTCCAGACGAAC-1,0.1394,3.55
ACGGGTCGTCTCGGTG-1,0.1192,2
ACGGGTCTCGCAACGC-1,0.0908,2
ACGTCAACAACGACGA-1,0.1024,2
ACGTCAAGTGTCGCTG-1,0.105,2
ACGTCAAGTTCTTTGT-1,0.0822,2
ACGTCAATCTGCTAGA-1,0.1168,2
ACTATCTAGAAAGCTT-1,0.083,2
ACTATCTAGCTAGGCA-1,0.0804,2
ACTATCTCACGTGCGT-1,0.0828,2
ACTATCTGTAACAATG-1,0.0848,2
ACTATCTGTGCGCTTG-1,0.1134,2
ACTATCTGTTAAAGGT-1,0.0738,2
ACTGAACCAATGTGTC-1,0.084,2
ACTGAACCAGGTCTGC-1,0.138,3.55
ACTGAACCATGATGCT-1,0.0712,2
ACTGAACGTGGTCAAG-1,0.1024,2
ACTGAACTCAGCATAC-1,0.086,2
ACTGAACTCCGTACCT-1,0.0776,2
ACTGAACTCTGGGCAC-1,0.0746,2
ACTGAGTAGCACAGGT-1,0.0892,1.95
ACTGAGTCAGGATCCC-1,0.0764,2
ACTGAGTCATTCCGAA-1,0.096,2
ACTGAGTGTAACTTCG-1,0.1062,2
ACTGAGTGTACCTTGA-1,0.119,2
ACTGAGTGTCCTAGTA-1,0.1302,2
ACTGAGTGTGAGCTCC-1,0.0826,2
ACTGATGAGCCGAACA-1,0.0798,2
ACTGATGCAGTACTCA-1,0.0982,2
ACTGATGTCTCCACAC-1,0.0718,2
ACTGATGTCTGGGACC-1,0.1408,3.55
ACTGCTCAGACCTAGG-1,0.1208,2
ACTGCTCAGCTACCTA-1,0.0966,2
ACTGCTCCATAGTGAA-1,0.1152,2
ACTGCTCGTAATATGG-1,0.1278,2
ACTGCTCGTAGAACAT-1,0.0852,2
ACTGCTCTCGGCTCAG-1,0.0874,2
ACTGTCCAGAAAGTGG-1,0.099,2
ACTGTCCAGTGTCCAT-1,0.074,2
ACTGTCCCAGGTCTGC-1,0.0806,2
ACTTACTAGGTTCCTA-1,0.0902,2
ACTTACTAGTGTTGAA-1,0.151,3.6
ACTTACTCAGAAGACC-1,0.0698,2
ACTTGTTAGACCGATG-1,0.1068,2
ACTTGTTAGTCTCGGC-1,0.091,2
ACTTGTTTCTGCTACC-1,0.0742,2
ACTTTCAAGAACAATC-1,0.0686,2
ACTTTCAAGCAGGTCA-1,0.0766,2
ACTTTCAAGGCTGCTC-1,0.0814,2
ACTTTCACATCCATAG-1,0.1184,2
ACTTTCAGTCGCCAAC-1,0.068,2
ACTTTCATCACTACAG-1,0.1176,2
ACTTTCATCATTGCTT-1,0.072,2
AGAATAGAGTGTGAAT-1,0.0854,2
AGAATAGGTAGGATAT-1,0.265,1.95
AGAATAGGTTTGGCGC-1,0.0978,2
AGAATAGTCCCGCATT-1,0.0792,2
AGACGTTAGCCAAACG-1,0.1216,2
AGACGTTTCGACAATC-1,0.0856,2
AGAGCGACAGCGATGA-1,0.1316,2
AGAGCTTAGCCAGTAG-1,0.1112,2
AGAGCTTAGCTATCAC-1,0.076,2
AGAGCTTCAATGGGAC-1,0.0806,2
AGAGCTTCATCCAGCG-1,0.1136,2
AGAGCTTTCGCTATTT-1,0.0896,2
AGAGTGGCATGATGCT-1,0.0766,2
AGAGTGGGTAGTAGTA-1,0.108,2
AGAGTGGTCGAGAGGT-1,0.0812,2
AGAGTGGTCTGGTAGT-1,0.1026,2
AGATCTGGTACTCACA-1,0.0788,2
AGATTGCAGCGTCAAG-1,0.1014,2
AGATTGCCATCCGGCA-1,0.094,2
AGATTGCCATGAAAGT-1,0.0808,2
AGATTGCGTCGCGAAA-1,0.185,3.6
AGATTGCTCACCGGTG-1,0.1214,2
AGATTGCTCATGCGCG-1,0.1224,2
AGCAGCCCAACCCTGG-1,0.0952,2
AGCAGCCCAAGCTATC-1,0.0798,2
AGCAGCCCAGTGCTGC-1,0.073,2
AGCAGCCCATTATCCT-1,0.0738,2
AGCAGCCGTCATACCA-1,0.0982,2
AGCAGCCTCTCGAACA-1,0.0938,2
AGCATACAGGCCGAAT-1,0.1008,2
AGCATACCACTCTCTG-1,0.129,2
AGCATACTCACCACGG-1,0.0934,2
AGCCTAAAGCAATCTC-1,0.0686,2
AGCCTAAAGCGAGAAA-1,0.135,2
AGCCTAACAAGCCAAG-1,0.0862,2
AGCCTAACACAAGCGA-1,0.098,2
AGCCTAATCGACCCTT-1,0.0774,2
AGCGGTCAGACAGACC-1,0.0736,2
AGCGGTCGTGTGATCT-1,0.0868,2
AGCGGTCTCTATGCAG-1,0.0942,2
AGCGTATAGGTGTAGC-1,0.0762,2
AGCGTATAGTGTTAGA-1,0.1158,2
AGCGTATCAGGTCAAG-1,0.0866,2
AGCGTATGTCTCCACT-1,0.0822,2
AGCGTATGTGAACACG-1,0.1156,2
AGCGTATGTTTGTCTT-1,0.0796,2
AGCGTCGCAGACGAAC-1,0.1306,2
AGCGTCGCATTGGTCA-1,0.1262,2
AGCGTCGGTTTACGGT-1,0.1618,2
AGCGTCGTCGAGTATC-1,0.1578,2
AGCTCCTAGCGTGAAC-1,0.067,2
AGCTCCTCATTCTTGT-1,0.0898,2
AGCTCCTGTTCGATTG-1,0.1118,2
AGCTCCTTCAGCGCGT-1,0.0882,2
AGCTCCTTCTGATGGT-1,0.1278,3.35
AGCTCTCCATTATCCT-1,0.3486,2.5
AGCTCTCGTGGTGCAA-1,0.0886,2
AGCTCTCTCGAGGTGA-1,0.0918,2
AGCTTGAAGCAGAGAA-1,0.094,2
AGCTTGACACTCACCT-1,0.078,2
AGCTTGACACTGCGCA-1,0.0986,2
AGCTTGAGTCCGAAGA-1,0.1078,2
AGCTTGAGTCGCGTCA-1,0.1076,2
AGCTTGATCCCACGGA-1,0.093,2
AGCTTGATCGTAACCA-1,0.0818,2
AGCTTGATCGTTCGTC-1,0.0818,2
AGGCCACAGAGCAATT-1,0.1298,2
AGGCCACAGTGTTGAA-1,0.0906,2
AGGCCACCAGGTACGA-1,0.1424,3.6
AGGCCACCATTCAGCA-1,0.094,2
AGGCCACGTCGCGTAC-1,0.0874,2
AGGCCACTCATTTGCT-1,0.0884,2
AGGCCACTCCGATACA-1,0.1576,3.8
AGGCCACTCCTACCTG-1,0.0964,2
AGGCCGTAGGACAGCT-1,0.075,2
AGGCCGTAGTGCCATT-1,0.0914,2
AGGCCGTGTCACCAGC-1,0.088,2
AGGCCGTTCTATGGTG-1,0.121,2
AGGCCGTTCTCTCTAA-1,0.1026,2
AGGCCGTTCTGGATCA-1,0.0814,2
AGGGAGTCAATCCATG-1,0.168,1.95
AGGGAGTCATCCATCC-1,0.1448,1.95
AGGGAGTGTACAAGAT-1,0.0942,2
AGGGAGTGTACTTGCA-1,0.0834,2
AGGGAGTGTAGATCCT-1,0.0742,2
AGGGAGTTCATCTCCG-1,0.143,3.55
AGGGAGTTCCAGGCGT-1,0.1366,3.55
AGGGATGAGATGTCTC-1,0.069,2
AGGGATGAGCTGTCTA-1,0.0848,2
AGGGATGCACTCTGGG-1,0.0968,2
AGGGATGCATCATGGT-1,0.0862,2
AGGGATGGTAGCCCTG-1,0.0956,2
AGGGATGGTCGCCAAC-1,0.0828,2
AGGGATGGTCGTGAAG-1,0.1062,2
AGGGATGGTGATACCT-1,0.0748,2
AGGGATGTCATCGCGG-1,0.0872,2
AGGGTGAAGACCTTTG-1,0.1262,2
AGGGTGAAGCTTTGGT-1,0.0766,2
AGGGTGACACGACTAT-1,0.0878,2
AGGGTGAGTGGGAAGG-1,0.0928,2
AGGTCATAGCTGCCCA-1,0.0834,2
AGGTCATCAACAGAGC-1,0.072,2
AGGTCATCAATTGAAG-1,0.1002,2
AGGTCATCACCCTCTA-1,0.0898,2
AGGTCATCATCCATCC-1,0.0822,2
AGGTCCGGTACAAGAT-1,0.0926,2
AGGTCCGGTCGCTGTG-1,0.1484,2
AGGTCCGGTGCTTTCC-1,0.0868,2
AGGTCCGGTTCAGTAC-1,0.0916,2
AGGTCCGTCCTTATTG-1,0.12,2
AGTAGTCAGCGAACTG-1,0.1174,2
AGTAGTCAGTCAAGGC-1,0.0878,2
AGTAGTCAGTCGAGTG-1,0.1204,2
AGTAGTCCAACACCGC-1,0.143,3.6
AGTAGTCCACTCTCTG-1,0.1102,2
AGTAGTCGTGAAGCCA-1,0.0944,2
AGTCTTTAGATTGAGT-1,0.0758,2
AGTCTTTAGTAGATCA-1,0.0766,2
AGTCTTTAGTGTTGAA-1,0.102,2
AGTCTTTAGTGTTTGC-1,0.286,1.5
AGTCTTTCACTCTTAT-1,0.167,2
AGTCTTTCACTTTCCG-1,0.1172,2
AGTCTTTCAGGCCGTT-1,0.0902,2
AGTCTTTTCATTGCTT-1,0.0822,2
AGTCTTTTCGAGTTGT-1,0.0826,2
AGTGAGGCAACTCACA-1,0.0836,2
AGTGAGGCACGCACCA-1,0.0852,2
AGTGAGGTCGAAAGGC-1,0.1392,3.6
AGTGGGAAGAAGGACA-1,0.083,2
AGTGGGAAGGCGCTCT-1,0.087,2
AGTGGGAAGGGATTTA-1,0.0972,2
AGTGGGACAACGGCTC-1,0.0882,2
AGTGGGAGTAGAACAT-1,0.0864,2
AGTGGGAGTAGATGCG-1,0.179,6
AGTGGGATCTGCCGTT-1,0.0866,2
AGTGTCAAGTGAACGC-1,0.0808,2
AGTTGGTAGCTGTCTA-1,0.0918,2
AGTTGGTCACACGCAC-1,0.0746,2
AGTTGGTGTAGGGACT-1,0.1196,2
AGTTGGTGTTGATCGT-1,0.081,2
AGTTGGTTCGCGGACT-1,0.0828,2
ATAACGCTCATTGGAC-1,0.091,2
ATAACGCTCGCGATGC-1,0.0876,2
ATAAGAGCAAGTGTTC-1,0.0784,2
ATAAGAGCATACGTCA-1,0.0994,1.95
ATAAGAGGTAGGTTTC-1,0.0828,2
ATAAGAGGTCAACCGC-1,0.1406,3.6
ATAGACCAGCACACAG-1,0.1044,2
ATAGACCAGTACGTTC-1,0.0718,2
ATAGACCCAAGCAAGC-1,0.0702,2
ATCACGAAGAAACGCC-1,0.4264,1.8
ATCACGAGTCTCTCTG-1,0.121,2
ATCACGAGTGACCAAG-1,0.1006,2
ATCATCTCAGTGCTTA-1,0.2042,1.65
ATCATGGCAAACGAGC-1,0.0704,2
ATCCACCAGTGTGAAT-1,0.4084,2.4
ATCCACCCACCAGTGC-1,0.0864,2
ATCCACCCAGTGAATA-1,0.0926,2
ATCCACCCATTGAAGA-1,0.073,2
ATCCACCGTGATTGTC-1,0.08,2
ATCCACCTCCGGCTAG-1,0.097,2
ATCCACCTCCGTAATG-1,0.125,2
ATCCGAAAGGAGTTTA-1,0.1496,3.5
ATCCGAACAGACTTGT-1,0.0824,2
ATCGAGTAGACAAGCC-1,0.1008,2
ATCGAGTCACTCATGA-1,0.1252,2
ATCGAGTCAGGTCCCA-1,0.083,2
ATCGAGTCAGTGTAGG-1,0.1706,2
ATCGAGTGTTCCACAA-1,0.1098,2
ATCGAGTTCCGCACGA-1,0.0978,2
ATCTACTAGCACCGCT-1,0.0854,2
ATCTACTAGCGATCCC-1,0.0806,2
ATCTACTTCAAGAGGC-1,0.0834,2
ATCTGCCAGAGACTTA-1,0.1054,2
ATCTGCCCAGTTGCCG-1,0.0912,2
ATCTGCCCATTTGCGA-1,0.0912,2
ATCTGCCGTAACGGCA-1,0.0856,2
ATCTGCCGTACGTGCC-1,0.0708,2
ATGAGGGCAACTTTCT-1,0.0944,2
ATGAGGGCAGCTATGT-1,0.116,1.9
ATGAGGGCATTTCTTG-1,0.1186,2
ATGCGATAGATATACG-1,0.0866,2
ATGCGATCACTGGCCA-1,0.0916,2
ATGCGATGTCCGAATT-1,0.0998,2
ATGCGATTCAGATTCG-1,0.1562,3.55
ATGCGATTCGAGCACC-1,0.07,2
ATGGGAGAGGCAAAGA-1,0.1046,2
ATGGGAGGTGAAAGAG-1,0.102,2
ATGTGTGCACGATCTA-1,0.0764,2
ATGTGTGGTAAGAGAG-1,0.0958,2
ATTACTCCACGTGGCT-1,0.1628,2
ATTACTCCAGAGACGT-1,0.0812,2
ATTACTCGTGACCTGC-1,0.0766,2
ATTACTCGTTGTAGCT-1,0.08,2
ATTACTCTCTGCGGGT-1,0.0728,2
ATTATCCAGAAGGCCT-1,0.076,2
ATTATCCAGGATCGCA-1,0.1228,2
ATTATCCCAACGTTTG-1,0.1086,2
ATTATCCCAGCCCATG-1,0.1052,2
ATTATCCGTTATGTGC-1,0.0798,2
ATTATCCTCACCACGG-1,0.103,2
ATTATCCTCTTCACGC-1,0.0866,2
ATTATCCTCTTGCTTA-1,0.0946,2
ATTCTACAGACTTCCA-1,0.077,2
ATTCTACAGAGGGATA-1,0.089,2
ATTCTACAGAGGTACC-1,0.0722,2
ATTCTACCACGATGGA-1,0.0824,2
ATTCTACTCCACCGGA-1,0.0844,2
ATTGGACGTACATGAA-1,0.1248,2
ATTGGACGTTCAGTAC-1,0.0806,2
ATTGGACTCTCATACT-1,0.0714,2
ATTGGTGCAGCCAGTC-1,0.09,2
ATTGGTGCATAGGGCA-1,0.08,2
ATTGGTGTCGTGCTAA-1,0.1242,2
ATTTCTGAGGGAAACA-1,0.0762,2
ATTTCTGAGGGATGGG-1,0.0764,2
ATTTCTGAGTTTCCTT-1,0.1394,3.55
CAACCAACAGAAGACC-1,0.0696,2
CAACCAACATCGCACG-1,0.1368,2
CAACCAAGTCATGGCC-1,0.0756,2
CAACCAATCAGAGTCT-1,0.086,2
CAACCAATCCGAGATT-1,0.1492,3.6
CAACCTCAGCGTGAAC-1,0.0736,2
CAACCTCGTAACAGCG-1,0.1424,2
CAACCTCGTACAACGG-1,0.1024,2
CAACCTCGTACTAGGG-1,0.1332,2
CAACCTCGTTTACTTC-1,0.0854,2
CAACCTCTCACCGGTG-1,0.1274,2
CAACTAGAGCGAGAAA-1,0.1746,3.95
CAACTAGCATTTAGGC-1,0.0964,2
CAACTAGTCTACACCC-1,0.0794,2
CAACTAGTCTCTCTAA-1,0.1576,2
CAAGAAAAGCCCGTGT-1,0.082,2
CAAGAAAGTCATGGCC-1,0.073,2
CAAGAAAGTCATGTTG-1,0.1012,2
CAAGATCCAACCTGAT-1,0.0906,2
CAAGATCGTCTTAGTG-1,0.1286,2
CAAGATCGTGGTCAAG-1,0.1034,2
CAAGATCTCCTTATTG-1,0.2052,2
CAAGGCCAGAGCTGCA-1,0.084,2
CAAGGCCAGCCAGTTT-1,0.1284,2
CAAGGCCGTACTCCGG-1,0.0832,2
CAAGGCCTCGATACAC-1,0.0854,2
CAAGGCCTCGGAGAGT-1,0.0848,2
CAAGGCCTCTCCAGCT-1,0.067,2
CAAGGCCTCTGCGGGT-1,0.068,2
CAAGTTGTCTTCTTGA-1,0.135,2
CACAAACCAATTCACG-1,0.1098,2
CACAAACCATCCATAG-1,0.1148,2
CACACAAAGGTTCCTA-1,0.1058,2
CACACAAGTAACAGCG-1,0.108,2
CACACCTCAAACGAGC-1,0.0832,2
CACACCTCACAAGCGA-1,0.1098,2
CACACTCAGGCTACGA-1,0.1024,2
CACACTCCAAGTACAA-1,0.1138,2
CACACTCCATGGATTC-1,0.0734,2
CACACTCGTCGAGTAG-1,0.1642,2
CACACTCTCAGCATAC-1,0.0936,2
CACACTCTCTACAGCA-1,0.0738,2
CACAGGCAGCTGCCCA-1,0.0688,2
CACAGTACAACGCCGT-1,0.0798,2
CACAGTAGTAAGTAAC-1,0.0756,2
CACAGTAGTGTAGTTC-1,0.0846,2
CACAGTATCAGCCACG-1,0.0698,2
CACAGTATCCTTCGCA-1,0.0874,2
CACATAGGTTGGCGTC-1,0.1102,2
CACATAGTCGGAATGG-1,0.0898,2
CACATTTAGAGGGCTT-1,0.0842,2
CACATTTCAGTAATCC-1,0.078,2
CACCACTAGTACAGTA-1,0.1088,2
CACCACTGTCATCTAG-1,0.1138,2
CACCACTTCAGAGCGA-1,0.0934,2
CACCAGGAGCAAAGTT-1,0.0876,2
CACCAGGCAACTGGAG-1,0.0826,2
CACCAGGCAGTTCCGG-1,0.0798,2
CACCAGGGTATGTACC-1,0.1078,2
CACCAGGGTTGGGCAA-1,0.0842,2
CACCAGGTCACTTTAC-1,0.0906,2
CACCAGGTCTAACGTG-1,0.1232,2
CACCTTGAGACCGATG-1,0.1122,2
CACCTTGCATGTAGCT-1,0.0752,2
CACTCCAAGGGATTTA-1,0.0832,2
CACTCCAGTACCGTGC-1,0.0868,2
CAGAATCAGTTATCGC-1,0.1344,2
CAGAGAGAGAGTGACC-1,0.0714,2
CAGAGAGAGCGATATA-1,0.106,2
CAGAGAGAGTGGTAGC-1,0.0722,2
CAGAGAGCAAAGTAAC-1,0.0846,2
CAGAGAGGTAATCAGA-1,0.095,2
CAGAGAGGTGGTGAGT-1,0.0778,2
CAGAGAGGTTCGTCAA-1,0.1142,2
CAGAGAGTCGACAATC-1,0.0722,2
CAGAGAGTCGTATTGG-1,0.1072,2
CAGATCAGTAGATGCG-1,0.0834,2
CAGATCATCAATAGAG-1,0.111,2
CAGCAGCAGAGGTTAT-1,0.097,2
CAGCAGCCACAGAGCA-1,0.083,2
CAGCAGCCATCCGTTC-1,0.081,2
CAGCAGCGTTAAGATG-1,0.1112,2
CAGCAGCTCATTCGCC-1,0.0832,2
CAGCATAAGTGGGCTA-1,0.0944,2
CAGCATACATAGCACT-1,0.075,2
CAGCATATCCTTGCAC-1,0.0726,2
CAGCATATCTTCACGC-1,0.0812,2
CAGCCGAAGACCTAGG-1,0.1186,2
CAGCCGACATCCTGGG-1,0.0996,2
CAGCCGATCTGCTAGA-1,0.1322,2
CAGCGACCATCAGGGA-1,0.096,2
CAGCGACTCAGTACCA-1,0.0774,2
CAGCTAAAGTGGGATC-1,0.0724,2
CAGCTAACAAATCGCT-1,0.0888,2
CAGCTAAGTCCGAATT-1,0.0974,2
CAGCTGGAGAATGGGA-1,0.0866,2
CAGCTGGAGGCTCATT-1,0.094,2
CAGCTGGAGGGATTTA-1,0.0878,2
CAGCTGGCATTTAGGC-1,0.1152,2
CAGCTGGGTGTAAAGT-1,0.0994,2
CAGCTGGTCCTACGAA-1,0.1074,2
CAGGTGCAGAAGGGTA-1,0.0948,2
CAGGTGCAGACCTTTG-1,0.1112,2
CAGGTGCAGATATGCA-1,0.0754,2
CAGGTGCAGGTAGCCA-1,0.0832,2
CAGGTGCCATCTCAAG-1,0.1072,2
CAGGTGCGTTCGCGTG-1,0.12,2
CAGGTGCTCAGTACAC-1,0.0724,2
CAGTAACAGTGATGGC-1,0.0686,2
CAGTAACTCACACCTC-1,0.0836,2
CAGTCCTAGAGGTTAT-1,0.1474,3.5
CAGTCCTCAGCGCTTG-1,0.1126,2
CAGTCCTGTCCAGCCA-1,0.077,2
CATATGGAGAGCCACA-1,0.0812,2
CATATGGAGCTGCACC-1,0.0768,2
CATATGGCAGACACAG-1,0.1036,2
CATATTCAGCCACCTG-1,0.103,2
CATATTCAGCTGAACG-1,0.1004,2
CATATTCAGTGATCGG-1,0.0824,2
CATATTCTCTGAGATC-1,0.0734,2
CATCAAGAGCACACAG-1,0.1232,2
CATCAAGAGCTCTCGG-1,0.0858,2
CATCAAGAGGAGTTTA-1,0.091,2
CATCAAGAGGCAGGTT-1,0.086,2
CATCAAGAGTCGTCCG-1,0.194,2
CATCAAGCACGTTTAG-1,0.1636,2
CATCAAGCAGTCGGAA-1,0.1008,2
CATCAAGTCAAGAAAC-1,0.0774,2
CATCAAGTCATCGCAA-1,0.093,2
CATCAAGTCTAAGACC-1,0.0704,2
CATCAAGTCTGGGACC-1,0.0746,2
CATCAAGTCTTCTAAC-1,0.0848,2
CATCAGACATCTCGTC-1,0.1406,2
CATCAGATCGGATCCG-1,0.091,2
CATCAGATCTTATGGG-1,0.0926,2
CATCCACAGGAATCGC-1,0.0846,2
CATCCACCATCTCGAA-1,0.1322,2
CATCCACGTTAACCTG-1,0.1048,2
CATCCACTCGACCATA-1,0.1078,2
CATCCACTCGTTATTC-1,0.0804,2
CATCCACTCTGGGCAC-1,0.0788,2
CATCGAAAGTGTTGAA-1,0.0978,2
CATCGAAGTAAGTGTA-1,0.0834,2
CATCGAAGTACCGTGC-1,0.1152,1.9
CATCGAATCCGCGAGT-1,0.1162,2
CATCGGGAGCAGGCTA-1,0.0896,2
CATCGGGCAATCCGTA-1,0.0896,2
CATCGGGCAATTGAAG-1,0.1032,2
CATCGGGCACGCCTGA-1,0.1046,2
CATCGGGCACTTGTTT-1,0.0934,2
CATCGGGCAGGTCTGC-1,0.0786,2
CATCGGGGTCCTCCAT-1,0.1334,3.6
CATCGGGTCACTATGG-1,0.121,2
CATGACAAGAGACTTA-1,0.0912,2
CATGACACAACGGCTC-1,0.0828,2
CATGACACACGCGATC-1,0.3956,1.75
CATGCCTAGAACAATC-1,0.496,5
CATGCCTAGAGTACAT-1,0.1134,2
CATGCCTAGCTAAACA-1,0.1792,3.9
CATGCCTAGTGGCACA-1,0.0818,2
CATGCCTCACTCCCTA-1,0.0894,2
CATGCCTCATTGCATG-1,0.1108,2
CATGCCTGTGCTATTG-1,0.122,2
CATGCCTTCGAGAGGT-1,0.0744,2
CATGGCGAGGCTAGGT-1,0.1062,2
CATGGCGCAAGCAAGC-1,0.0996,2
CATTATCAGACCTAGG-1,0.1304,2
CATTATCCAAGACTTC-1,0.1112,2
CATTATCCATGAGAAT-1,0.0836,2
CATTATCCATTATCCT-1,0.0784,2
CATTATCGTACCTAGT-1,0.1056,2
CATTATCGTTGTCACA-1,0.0754,2
CATTATCGTTTGGCGC-1,0.1002,2
CATTCGCCACTGGCCA-1,0.0744,2
CATTCGCGTCAGTGGA-1,0.1594,2
CATTCGCGTGACTGAG-1,0.0972,2
CCAATCCCAGCATGTT-1,0.0972,2
CCAATCCTCTTAGCTT-1,0.1046,2
CCACCTAAGGAATGGA-1,0.0902,2
CCACCTAGTAGGGACT-1,0.0762,2
CCACCTAGTGACCTGC-1,0.074,2
CCACCTATCGCGTGGT-1,0.0748,2
CCACCTATCGGAGAAC-1,0.0768,2
CCACCTATCGGTAAGG-1,0.1106,2
CCACCTATCTGAAGGG-1,0.0914,2
CCACGGACATCGCATA-1,0.1106,2
CCACGGATCACGAGTT-1,0.0914,2
CCACTACAGAATTCCC-1,0.084,2
CCACTACAGGATGTCG-1,0.097,2
CCACTACAGTGGTAAT-1,0.0838,2
CCACTACGTAATCAGA-1,0.1454,3.55
CCACTACGTGCCATTA-1,0.1202,2
CCACTACTCAAAGCGG-1,0.0948,2
CCACTACTCGAGGAGT-1,0.0838,2
CCAGCGAAGCGATTCT-1,0.0898,2
CCAGCGAAGTAATCCC-1,0.0758,2
CCAGCGAAGTGTTGAA-1,0.1484,2.55
CCAGCGACACTACATG-1,0.141,1.95
CCAGCGAGTAACGAGC-1,0.075,2
CCAGCGAGTGTGTTCA-1,0.0802,2
CCAGCGATCTACCGTC-1,0.0866,2
CCATGTCAGACAGACC-1,0.0782,2
CCATGTCAGGAATGGA-1,0.0756,2
CCATGTCCATCCAGCG-1,0.1208,2
CCATGTCCATGAGAAT-1,0.0874,2
CCATGTCGTTCTAGTG-1,0.1242,2
CCATGTCTCCAGGCAC-1,0.0826,2
CCATGTCTCGAGCACC-1,0.0808,2
CCATGTCTCTGGATCA-1,0.0878,2
CCATTCGAGAGCCCAA-1,0.0816,2
CCATTCGAGGTAACGC-1,0.0816,2
CCATTCGGTTCCACAA-1,0.1112,2
CCCAATCAGTTGGCTT-1,0.1594,3.5
CCCAATCCATCTCGAA-1,0.104,2
CCCAATCGTACATGAA-1,0.1176,2
CCCAATCGTTGAACAA-1,0.1054,2
CCCAATCTCACACTAG-1,0.117,2
CCCAATCTCGGTGCGT-1,0.0814,2
CCCAATCTCTGAGATC-1,0.1534,3.55
CCCAGTTAGATGTCTC-1,0.0636,2
CCCAGTTAGCATGAGC-1,0.0708,2
CCCAGTTAGGCATGGT-1,0.0774,2
CCCAGTTTCTGTGGCG-1,0.0908,2
CCCATACAGTTTAGGA-1,0.0968,2
CCCATACCATGATGCT-1,0.0788,2
CCCATACGTGGCAAAC-1,0.0874,2
CCCATACTCAAGCCAT-1,0.0678,2
CCCTCCTAGCAGCCCT-1,0.0814,2
CCCTCCTCACCGGCAT-1,0.1054,2
CCCTCCTCAGGTTAAA-1,0.1814,1.9
CCCTCCTCATGGGCCT-1,0.0902,2
CCCTCCTTCCGTGCTT-1,0.0874,2
CCGGGATAGCGGATCA-1,0.0844,2
CCGGGATAGTCGTACT-1,0.075,2
CCGGGATCAAACGGGT-1,0.0738,2
CCGGGATCATATCGTG-1,0.1168,2
CCGGGATTCCGAAGCC-1,0.0782,2
CCGGGATTCCGTTAAG-1,0.1404,2
CCGGGATTCCTGCACT-1,0.0746,2
CCGGGATTCGACCATA-1,0.0998,2
CCGGTAGAGCATGAGC-1,0.0766,2
CCGGTAGAGTACAGTA-1,0.1612,3.55
CCGGTAGCACATCTAG-1,0.1286,2
CCGGTAGCATGAGGCA-1,0.0844,2
CCGGTAGGTATGTACC-1,0.0676,2
CCGGTAGTCCTTGCAC-1,0.0788,2
CCGGTAGTCGTTCGAA-1,0.0944,2
CCGTACTGTTCCACAA-1,0.106,2
CCGTACTTCCGCGGAT-1,0.0824,2
CCGTGGAAGCTTAGAA-1,0.127,2
CCGTGGAAGTTAACGA-1,0.1088,2
CCGTGGAGTAACGACG-1,0.1016,2
CCGTGGAGTCATGTTG-1,0.1114,2
CCGTGGAGTGATTACC-1,0.1374,3.55
CCGTGGATCCGAAGGA-1,0.1036,2
CCGTTCAAGTGGTTAA-1,0.1068,2
CCGTTCACAAAGTAAC-1,0.0966,2
CCGTTCACAGATATCC-1,0.1498,3.55
CCGTTCACAGGACCAA-1,0.0842,2
CCGTTCACAGTCCGCA-1,0.1404,3.6
CCGTTCACATGTAGCT-1,0.0782,2
CCGTTCAGTACGTGCC-1,0.0806,2
CCGTTCAGTAGTGGCA-1,0.0946,2
CCGTTCAGTCGACCAC-1,0.0818,2
CCGTTCATCATGCGCG-1,0.1082,2
CCGTTCATCCTCAGTC-1,0.0882,2
CCTAAAGAGACAGAGA-1,0.0992,2
CCTAAAGGTACTCCGG-1,0.089,2
CCTAAAGGTTGAACTC-1,0.0844,2
CCTACACCAAATAGGT-1,0.089,2
CCTACACCAGTGCTTA-1,0.093,2
CCTACACGTACTCACA-1,0.0856,2
CCTACACTCGAATGTC-1,0.0784,2
CCTACACTCGCAGCAC-1,0.0818,2
CCTACCAAGCGATTCT-1,0.0764,2
CCTACCACAGTTTGCA-1,0.0792,2
CCTACCACATAGGGCA-1,0.11,2
CCTACCAGTGGCCACT-1,0.0724,2
CCTACCAGTTGATCGT-1,0.0934,2
CCTACCATCCAGGCGT-1,0.121,3.75
CCTAGCTAGCGAACTG-1,0.1082,1.9
CCTAGCTAGTAACCCT-1,0.0798,2
CCTAGCTAGTTATCGC-1,0.0782,2
CCTAGCTCAACGTTTG-1,0.1166,2
CCTAGCTGTAGATAGT-1,0.1022,2
CCTAGCTGTGTCTCAA-1,0.1208,2
CCTAGCTGTTTGGCGC-1,0.1058,2
CCTAGCTTCTGGTGGC-1,0.065,2
CCTATTAGTACCAGTT-1,0.1084,2
CCTATTAGTCATGCCG-1,0.0992,2
CCTATTAGTCGGGAAT-1,0.0794,2
CCTATTATCAGAGTAA-1,0.1156,2
CCTATTATCTTTCGCG-1,0.105,2
CCTCAGTAGAGGGCTT-1,0.0768,2
CCTCAGTAGCAGTACG-1,0.0902,2
CCTCAGTCAAGCTATC-1,0.0646,2
CCTCAGTCATATCGCA-1,0.0918,2
CCTCAGTCATGTAGCT-1,0.1002,2
CCTCAGTGTAGACCAG-1,0.1004,2
CCTCAGTTCAGAGTCT-1,0.0878,2
CCTCTGACAACAACTC-1,0.083,2
CCTCTGACAACGCCGT-1,0.079,2
CCTCTGACACGTATGT-1,0.1018,2
CCTCTGACATCCCAAA-1,0.1032,2
CCTCTGACATCCTGGG-1,0.0898,2
CCTTACGCATGCGTGC-1,0.0808,2
CCTTACGGTTTGCCTC-1,0.0776,2
CCTTCCCAGACCGATG-1,0.113,2
CCTTCCCGTGGAAAGA-1,0.152,2
CCTTCCCTCAATAGGA-1,0.1208,2
CCTTCGAAGGGCCATA-1,0.0982,2
CCTTCGACAGAGGCAT-1,0.0824,2
CCTTCGACATTCAGTG-1,0.122,2
CCTTCGAGTCCATGAT-1,0.0854,2
CCTTTCTAGAGCTGCA-1,0.0836,2
CCTTTCTAGATCCCGC-1,0.0712,2
CCTTTCTAGCTTTGGT-1,0.0848,2
CCTTTCTAGGGATGGG-1,0.0836,2
CCTTTCTCAACGACTT-1,0.0778,2
CCTTTCTTCCTACTCG-1,0.0984,2
CCTTTCTTCCTTATTG-1,0.1134,2
CGAACATAGAAGGTTT-1,0.1,2
CGAACATGTACATGAA-1,0.1162,2
CGAACATGTTAAACGA-1,0.1018,2
CGAACATGTTATCGGT-1,0.0774,2
CGAACATTCCGACCAG-1,0.0954,2
CGAATGTAGGCCATAG-1,0.1118,2
CGAATGTAGTAAGTAC-1,0.0808,2
CGAATGTGTTTACGGT-1,0.0848,2
CGAATGTTCACACTAG-1,0.1102,2
CGACCTTAGCGTAGTG-1,0.1244,2
CGACCTTCAGTACCTA-1,0.1026,2
CGACCTTGTCCTCGGA-1,0.0954,2
CGACCTTGTCTCGGTG-1,0.1142,2
CGACCTTGTGCTTTCC-1,0.0782,2
CGACCTTGTTCAGTGT-1,0.0892,2
CGACTTCCAAACGGGT-1,0.0732,2
CGACTTCCACGAGTTT-1,0.1216,2
CGACTTCCACTTGAGT-1,0.0866,2
CGACTTCCATACGTTG-1,0.1174,2
CGACTTCGTAAACCTC-1,0.0908,2
CGACTTCGTTAAGCCT-1,0.0796,2
CGACTTCTCAGCACGC-1,0.0932,2
CGAGAAGAGCAAATCA-1,0.0894,2
CGAGAAGGTGTTCGAT-1,0.0826,2
CGAGCACAGTAGTGCG-1,0.0846,2
CGAGCACGTCCAAGTT-1,0.091,2
CGAGCACGTCTTAGTG-1,0.1358,2
CGAGCCAAGTGATGGC-1,0.074,2
CGAGCCACACCCGTTT-1,0.1034,2
CGAGCCACATCCATCC-1,0.1396,3.6
CGAGCCAGTAGCAGTG-1,0.1242,2
CGAGCCAGTCAACATC-1,0.0726,2
CGAGCCAGTGATTGTC-1,0.0812,2
CGATCGGAGATAGTCA-1,0.0714,2
CGATCGGCAACTACTG-1,0.1248,2
CGATCGGTCATCGCAA-1,0.096,2
CGATCGGTCGAGTACT-1,0.0742,2
CGATCGGTCTTGCGAA-1,0.1306,4.45
CGATGGCAGCGTAGTG-1,0.126,2
CGATGGCTCTCCACAC-1,0.084,2
CGATGTAAGATTGAGT-1,0.0954,2
CGATGTAAGGGATACC-1,0.0752,2
CGATGTAGTACCTCGG-1,0.1028,2
CGATGTAGTCTAGGGA-1,0.1318,2
CGATGTAGTGGACGTA-1,0.1242,2
CGATTGACACCCTCTA-1,0.0832,2
CGATTGACATCATGCA-1,0.081,2
CGATTGAGTAGCTAAA-1,0.1464,2
CGATTGAGTAGTGACG-1,0.089,2
CGATTGAGTCCAAGTT-1,0.089,2
CGATTGATCAGCACGC-1,0.0876,2
CGCCAAGAGTCGACTT-1,0.081,2
CGCCAAGCAATGTGTC-1,0.0836,2
CGCCAAGCAGTCCCTT-1,0.0894,2
CGCCAAGGTGGAAAGA-1,0.109,1.9
CGCCAAGGTTACGCCG-1,0.0936,2
CGCCAAGTCGCCAACG-1,0.0924,2
CGCGGTAAGTCCGTAT-1,0.098,2
CGCGGTACAAATACGA-1,0.099,2
CGCGGTACAAGACGAC-1,0.112,4.5
CGCGGTACAGACGAGT-1,0.0854,2
CGCGGTACAGGTGTGA-1,0.0942,2
CGCGGTAGTGGTAACG-1,0.1018,2
CGCGGTATCGTTACCC-1,0.0798,2
CGCGTTTAGGCCGAAT-1,0.0874,2
CGCGTTTCAGGCCGTT-1,0.107,2
CGCGTTTCATGCCGGT-1,0.0822,2
CGCGTTTGTCAACATC-1,0.0714,2
CGCGTTTGTCACCAGC-1,0.0812,2
CGCGTTTTCAAGACAA-1,0.1292,2
CGCTATCCAAGCCAAG-1,0.1474,3.55
CGCTATCCACGTGGCT-1,0.0734,2
CGCTGGAAGGCATTTC-1,0.0862,2
CGCTGGACAACTCCGG-1,0.0828,2
CGCTGGACACGAAGGT-1,0.0818,2
CGCTGGAGTCGTAATC-1,0.0918,2
CGCTGGAGTTACGCGC-1,0.0876,2
CGCTGGATCGAACCCG-1,0.1048,2
CGCTTCATCTGGGCAC-1,0.0758,2
CGGACACAGACAGTTA-1,0.094,2
CGGACACAGCAAATCA-1,0.0892,2
CGGACACCAACGGGAT-1,0.091,2
CGGACGTCACGAGATG-1,0.1334,2
CGGACGTGTATTGAAG-1,0.107,2
CGGACGTGTTGACGGA-1,0.0982,2
CGGACTGAGCAGGTCA-1,0.0764,2
CGGACTGAGCCCAATT-1,0.097,2
CGGACTGCAACGACGA-1,0.0998,2
CGGACTGCATGCCGCA-1,0.0958,2
CGGACTGGTCTTCACC-1,0.0752,2
CGGACTGGTGTGAAAT-1,0.1008,2
CGGACTGTCAGAGCGA-1,0.0992,2
CGGACTGTCATGCGCG-1,0.1176,2
CGGAGCTCATTGGTCA-1,0.0826,2
CGGAGCTCATTGTCTT-1,0.0676,2
CGGAGCTCATTTCTTG-1,0.167,3.6
CGGAGCTGTATCAGTC-1,0.0886,2
CGGAGCTGTCTTGCGG-1,0.0848,2
CGGAGCTTCGGAAGAC-1,0.0778,2
CGGAGTCAGGACTGGT-1,0.072,2
CGGAGTCGTACTTGCA-1,0.0862,2
CGGAGTCGTCTTGCGG-1,0.1022,2
CGGAGTCGTGTGCTTA-1,0.1084,2
CGGAGTCTCCCTAAGA-1,0.1354,2
CGGAGTCTCCGCGACA-1,0.0862,2
CGGCTAGAGTCCCACG-1,0.0894,2
CGGCTAGGTCTCGTCT-1,0.0712,2
CGGCTAGTCAACGATC-1,0.138,3.55
CGGGTCACAACATAGA-1,0.1362,2
CGGGTCACATTTAGGC-1,0.1026,2
CGGGTCAGTAACTGTC-1,0.0808,2
CGGGTCAGTCATGGCC-1,0.0746,2
CGGGTCATCACCGGTG-1,0.192,2
CGGGTCATCTACAGTG-1,0.1368,2
CGGTTAACAATCCTTT-1,0.1102,2
CGGTTAAGTCTAGCGC-1,0.0916,2
CGGTTAATCCACTTCG-1,0.0876,2
CGGTTAATCGAGGTGA-1,0.0838,2
CGTAGCGAGAATGTGT-1,0.0756,2
CGTAGCGAGTGCGATG-1,0.1178,2
CGTAGCGAGTTTCCTT-1,0.0848,2
CGTAGCGCATGATAAG-1,0.1102,2
CGTAGCGGTCGGCATC-1,0.085,2
CGTAGCGGTGTAAAGT-1,0.1182,2
CGTAGGCAGGCTAGTG-1,0.1692,3.6
CGTAGGCCATCTAAGC-1,0.0958,2
CGTAGGCGTAACGACG-1,0.1042,2
CGTAGGCGTAAGTAAC-1,0.1468,3.5
CGTAGGCGTCCTCCAT-1,0.1012,2
CGTAGGCGTGGCAAAC-1,0.0798,2
CGTCACTCACACACGC-1,0.094,2
CGTCACTTCATTGGAC-1,0.0892,2
CGTCACTTCCACTGCT-1,0.0808,2
CGTCAGGAGCCTATGT-1,0.11,2
CGTCAGGCATCTCGAA-1,0.1056,2
CGTCAGGGTACCATCA-1,0.099,2
CGTCAGGGTGCTCTGG-1,0.1044,2
CGTCAGGTCCGAAGGA-1,0.0932,2
CGTCAGGTCGGGAAAC-1,0.0772,2
CGTCCATCAAACGGGT-1,0.091,2
CGTCCATCAACCTAGT-1,0.0974,2
CGTCCATCAACGCCGT-1,0.0856,2
CGTCCATGTAGACGAC-1,0.0944,2
CGTCTACCACCGTCGA-1,0.0764,2
CGTCTACGTGGCAACA-1,0.083,2
CGTCTACTCCGTACCT-1,0.077,2
CGTCTACTCGGCTCAG-1,0.0834,2
CGTGAGCAGAAACGCC-1,0.0928,2
CGTGAGCAGGCGTTGA-1,0.1754,2
CGTGAGCCACGTAGGA-1,0.1234,2
CGTGAGCGTAGCAGGT-1,0.1184,1.95
CGTGAGCGTGCGAAAC-1,0.1058,2
CGTGAGCTCTACCGAA-1,0.1062,2
CGTGAGCTCTGTGGCG-1,0.0954,2
CGTGTAAAGGCTAGCA-1,0.1058,2
CGTGTAACAGAAGACC-1,0.1046,2
CGTGTAACATTGCATG-1,0.1398,2
CGTGTAATCCCGGACA-1,0.1006,2
CGTGTCTAGCGCGATA-1,0.1374,2
CGTGTCTAGGGATACC-1,0.0834,2
CGTGTCTCATAGAGGC-1,0.1074,2
CGTGTCTCATCGCACG-1,0.099,2
CGTGTCTGTGTTCGAT-1,0.0988,2
CGTGTCTGTTCCCTAC-1,0.0888,2
CGTGTCTTCCAGTCTC-1,0.0876,2
CGTGTCTTCGACGAAG-1,0.2156,5.75
CGTGTCTTCGTTCGAA-1,0.1018,2
CGTTAGAAGCAGGTCA-1,0.08,2
CGTTAGAGTTTCCGAA-1,0.0938,2
CGTTAGATCTAGACAC-1,0.0814,2
CGTTCTGCAAACGGGT-1,0.0744,2
CGTTCTGCACCTGCAG-1,0.1,2
CGTTCTGCACTAACTG-1,0.1036,2
CGTTCTGCAGTAGAAT-1,0.1062,2
CGTTCTGCATAGAGGC-1,0.09,2
CGTTCTGCATTCAGCA-1,0.104,2
CGTTCTGGTGCTCTGG-1,0.1052,2
CGTTCTGGTGGGAAGG-1,0.1096,2
CGTTCTGGTTTCCTGC-1,0.0766,2
CGTTCTGTCTCAGCGG-1,0.0988,2
CGTTGGGGTCAGGTAG-1,0.098,2
CGTTGGGGTCTTGCGG-1,0.1142,2
CTAACTTAGAGCCACA-1,0.1258,2
CTAACTTAGCTGCGAA-1,0.1046,2
CTAACTTCAAGCAAGC-1,0.0688,2
CTAACTTCAGACGAGT-1,0.0934,2
CTAACTTCAGACTTGT-1,0.0872,2
CTAACTTTCGTACGCG-1,0.1178,2
CTAAGACCAATGGGAC-1,0.0978,2
CTAAGACCAGACAGTG-1,0.1144,2
CTAAGACCATTATCCT-1,0.1416,3.55
CTAAGACGTCGCGTAC-1,0.0864,2
CTAAGACTCAACGATC-1,0.0736,2
CTAAGACTCCCACGGA-1,0.068,2
CTAAGACTCCGTGCTT-1,0.081,2
CTAAGACTCTGAAGGG-1,0.0924,2
CTAATGGAGCGATGAC-1,0.083,2
CTAATGGCAGCCAAAG-1,0.1018,2
CTAATGGCATTTCGTT-1,0.0936,2
CTAATGGGTCTAGCGC-1,0.0952,2
CTACACCAGGACCAGT-1,0.0776,2
CTACACCAGTAAGTAC-1,0.0776,2
CTACACCGTAGTGACG-1,0.0908,2
CTACACCTCACGAGTT-1,0.0912,2
CTACACCTCTGCTAGA-1,0.162,3.55
CTACATTAGCAGCGTA-1,0.1024,2
CTACCCAAGCCTATGT-1,0.1194,2
CTACCCAAGCGACGTA-1,0.1068,2
CTACCCAAGTAGGTGC-1,0.0742,2
CTACCCAGTTGATCGT-1,0.0772,2
CTACCCATCAGCAGCC-1,0.0828,2
CTACGTCAGTGGAGAA-1,0.0904,2
CTACGTCCACCCGTTT-1,0.115,2
CTACGTCCACGTGCGT-1,0.0798,2
CTACGTCTCGTTATTC-1,0.0814,2
CTAGAGTAGCGAGAAA-1,0.1272,2
CTAGAGTGTCAGAAGC-1,0.0778,2
CTAGAGTGTTACGGCC-1,0.0774,2
CTAGAGTTCAGGACAG-1,0.1456,3.55
CTAGAGTTCAGGGACA-1,0.0698,2
CTAGCCTCACTGCGCA-1,0.1004,2
CTAGCCTGTCATACTG-1,0.1452,2
CTAGCCTTCTGGTAGT-1,0.1062,2
CTAGTGAAGGCTAGGT-1,0.0976,2
CTAGTGACATCCACGG-1,0.1004,2
CTAGTGATCATTGCTT-1,0.0742,2
CTAGTGATCGAAGCGA-1,0.0938,2
CTCACACAGGCTCAGA-1,0.1022,2
CTCACACAGGGATTCG-1,0.088,2
CTCACACAGTAGCCGA-1,0.0852,2
CTCACACCAAGTGAGC-1,0.0872,2
CTCACACGTGCATCTA-1,0.179,1.95
CTCACACGTTGGGCAA-1,0.0862,2
CTCACACTCAATAGAG-1,0.1134,2
CTCACACTCAGCAGCC-1,0.1446,2
CTCACACTCTGGCAGC-1,0.0836,2
CTCAGAAAGGTAAACT-1,0.0968,2
CTCAGAACAAGTGCAG-1,0.093,2
CTCAGAACACAGACCC-1,0.0914,2.05
CTCAGAAGTCCGAAGA-1,0.139,2
CTCAGAATCAGGACAG-1,0.0974,2
CTCAGAATCCAACCGG-1,0.1,2
CTCATTAAGAGATGAG-1,0.1002,2
CTCATTAAGAGCTGCA-1,0.085,2
CTCATTAGTCAACCGC-1,0.1318,2
CTCATTAGTGACCCGT-1,0.0902,2
CTCATTAGTTGAACTC-1,0.0752,2
CTCATTATCACCATCC-1,0.0952,2
CTCCTAGAGTGTTTGC-1,0.0806,2
CTCCTAGGTCAATTCG-1,0.094,2
CTCCTAGTCGAGTATC-1,0.069,2
CTCCTAGTCTGGCAGC-1,0.0848,2
CTCGAAAAGAAACCAT-1,0.0698,2
CTCGAAAGTACTCACA-1,0.0804,2
CTCGAAAGTAGGTTTC-1,0.0794,2
CTCGAAAGTCGACGCT-1,0.0884,2
CTCGAAAGTGCGGTAA-1,0.1576,3.55
CTCGAAATCAGCAGCC-1,0.1136,5.6
CTCGAAATCTACATGG-1,0.1156,2
CTCGAGGCACCCAAAT-1,0.123,2
CTCGAGGCACGTAGGA-1,0.0876,2
CTCGAGGCAGGTACGA-1,0.0976,2
CTCGAGGGTCCTACCT-1,0.0802,2
CTCGAGGTCACGCTCT-1,0.084,2
CTCGAGGTCCCGCATT-1,0.0758,2
CTCGGAGGTACGTAAA-1,0.1456,2
CTCGGAGGTCACCAGC-1,0.0936,1.95
CTCGGAGTCAGGACTT-1,0.0844,2
CTCGGAGTCTAACGTG-1,0.1322,2
CTCGGGAAGAGGGCTT-1,0.0796,2
CTCGGGAAGGTGTAGC-1,0.0706,2
CTCGGGAGTACCAGCC-1,0.1472,3.6
CTCGGGATCGGAGTTT-1,0.152,3.55
CTCGTACAGGTAAGTT-1,0.0882,2
CTCGTACCACAAGCTT-1,0.0978,2
CTCGTACCATAGTGAA-1,0.0976,2
CTCGTACCATGAAAGT-1,0.1698,1.8
CTCGTCAAGCTGAACG-1,0.1574,2
CTCGTCACAACTGGAG-1,0.1004,2
CTCGTCAGTACGTGCC-1,0.073,2
CTCGTCAGTTCAGTAC-1,0.1172,2
CTCGTCATCATTGCTT-1,0.0712,2
CTCTAATCAAGCTATC-1,0.0744,2
CTCTAATGTACGGTGA-1,0.1018,2
CTCTAATTCAGACACT-1,0.1384,3.55
CTCTACGAGACTGGCA-1,0.1274,2
CTCTACGAGTGCCATT-1,0.0836,2
CTCTACGCAACGCTTA-1,0.0942,2
CTCTACGCAAGTGAGC-1,0.076,2
CTCTACGCACTTTCCG-1,0.1002,2
CTCTACGGTCCTTGGG-1,0.1054,2
CTCTGGTTCATTGGAC-1,0.0814,2
CTGAAACAGTGGAGAA-1,0.0932,2
CTGAAACGTCCGAATT-1,0.1054,2
CTGAAACGTGAACACG-1,0.077,2
CTGAAACTCCAGTCTC-1,0.08,2
CTGAAGTAGGCAGTCA-1,0.0796,2
CTGAAGTCAACGTTTG-1,0.1134,2
CTGAAGTCACCTATGA-1,0.1286,2
CTGAAGTCATACCAGT-1,0.0888,2
CTGAAGTGTACAGGAC-1,0.082,2
CTGATAGAGACAGTTA-1,0.0988,2
CTGATAGAGGCATATA-1,0.1124,2
CTGATAGCAGATCCCG-1,0.0882,2
CTGATCCCAAGAACTA-1,0.092,2
CTGATCCCAATCGTCA-1,0.0996,2
CTGATCCGTCCTCCAT-1,0.1008,2
CTGATCCGTGCTATTG-1,0.1282,2
CTGATCCTCAGACACT-1,0.0748,2
CTGCCTAAGCTAGTGG-1,0.1118,2
CTGCCTAAGGAAACTT-1,0.0774,2
CTGCCTACATAGTGTC-1,0.1048,2
CTGCCTATCTAATGGC-1,0.741,1.95
CTGCGGAAGCAGCGTA-1,0.1056,2
CTGCGGACAAGACGCA-1,0.1064,2
CTGCGGACACCGGCAT-1,0.074,2
CTGCGGACACTACGTA-1,0.1186,2
CTGCGGATCCAAAGAA-1,0.1204,2
CTGCGGATCTGATCAG-1,0.0796,2
CTGGTCTAGAAGATTC-1,0.0738,2
CTGGTCTAGACTAGGC-1,0.0892,2
CTGTGCTCAACTCATG-1,0.14,2
CTGTGCTGTTCTTCGC-1,0.0782,2
CTGTGCTTCAGAGTCT-1,0.0784,2
CTGTTTACAGCTTGAT-1,0.0942,2
CTGTTTAGTACTGCTA-1,0.0988,2
CTTAACTAGAGTAAGG-1,0.1158,2
CTTAACTTCCTGAAGT-1,0.0796,2
CTTAACTTCGAGCACC-1,0.077,2
CTTACCGAGTACGACG-1,0.0836,2
CTTACCGCATACGTTG-1,0.127,2
CTTACCGCATGATAAG-1,0.1102,2
CTTACCGCATTGCATG-1,0.1206,2
CTTACCGGTCCAAGTT-1,0.0906,2
CTTACCGGTGGAGCTA-1,0.0852,2
CTTAGGACAAGCTATC-1,0.0824,2
CTTAGGACAAGGGATC-1,0.0828,2
CTTAGGACAGGTCAAG-1,0.0938,2
CTTAGGAGTCACCTGG-1,0.1272,2
CTTAGGAGTCACGCAC-1,0.0776,2
CTTAGGATCAGCATAC-1,0.0926,2
CTTAGGATCATCAGCA-1,0.0854,2
CTTAGGATCGGGCTTG-1,0.0816,2
CTTCTCTAGATCACTC-1,0.0824,2
CTTCTCTCACTGCGCA-1,0.1044,2
CTTCTCTCAGTACTCA-1,0.099,1.95
CTTCTCTGTACCAACT-1,0.0772,2
CTTCTCTGTGATGTTC-1,0.069,2
CTTCTCTGTGCTCTGG-1,0.1032,2
CTTCTCTTCGCAGCAC-1,0.0806,2
CTTGGCTAGAAACCTA-1,0.1456,3.45
CTTGGCTAGCCCAACC-1,0.0854,2
CTTGGCTGTCTCGGTG-1,0.1146,2
CTTGGCTGTCTTCGTC-1,0.0852,2
CTTGGCTGTGAAGCCA-1,0.1372,3.55
CTTTGCGAGAATGGGA-1,0.0802,2
CTTTGCGAGCACAGGT-1,0.0932,2
CTTTGCGGTAACCGAG-1,0.0992,2
GAAACTCAGATCCTGT-1,0.0784,2
GAAACTCCAACTCGCG-1,0.1466,2
GAAACTCTCCCGAATA-1,0.156,3.4
GAAACTCTCCTGAAAC-1,0.0754,2
GAAATGAAGCCTAACT-1,0.0808,2
GAAATGAAGTCAAGCG-1,0.102,2
GAAATGAGTGTGTATC-1,0.0744,2
GAAATGATCCAGGCGT-1,0.0776,2
GAACATCAGGTGTAGC-1,0.0834,2
GAACATCAGTAACCCT-1,0.0756,2
GAACATCCAGCGATGA-1,0.1184,2
GAACATCGTCTCTCTG-1,0.1106,2
GAACATCGTTAAGATG-1,0.1186,2
GAACATCTCGCAGCAC-1,0.0764,2
GAACCTAAGGTAACGC-1,0.0824,2
GAACCTATCACCAGCG-1,0.116,2
GAACGGAAGATTACCC-1,0.1102,2
GAACGGAAGTGAACAT-1,0.0846,2
GAACGGACAACCCACG-1,0.0892,2
GAACGGACAGACACGA-1,0.1054,2
GAACGGATCAGCGCGT-1,0.0864,2
GAACGGATCCAAACCA-1,0.1006,2
GAACGGATCCTTGAAG-1,0.1004,2
GAACGGATCGAGGAGT-1,0.1348,3.55
GAACGGATCTCGTGGG-1,0.0806,2
GAAGCAGAGCTTTCAG-1,0.1004,2
GAAGCAGGTCATGTTG-1,0.1082,2
GAAGCAGGTGCAACCC-1,0.0816,2
GAAGCAGTCGATTGCA-1,0.077,2
GAATAAGAGTGATGAT-1,0.0898,2
GAATAAGCAAGGCTAG-1,0.1024,5.55
GAATAAGCAGTGGATG-1,0.1094,2
GAATAAGCATGCGTGC-1,0.1034,2
GAATAAGTCTGCTAGA-1,0.1452,2
GAATGAAAGTACGACG-1,0.0838,2
GAATGAATCTCATACT-1,0.0964,2
GACACGCCAACCTGCG-1,0.1014,2
GACACGCGTAAAGTCA-1,0.1418,3.55
GACACGCGTCGCGTCA-1,0.164,2
GACAGAGAGAGGTTAT-1,0.0926,2
GACAGAGAGTGATTGA-1,0.1042,2
GACAGAGCATAGAGGC-1,0.073,2
GACAGAGTCAAGAAAC-1,0.0792,2
GACAGAGTCTGGCAGC-1,0.0784,2
GACCAATAGTCCCGAC-1,0.0844,2
GACCAATAGTGGGTTG-1,0.094,2
GACCAATTCATGTGAC-1,0.0796,2
GACCAATTCGCCCAGA-1,0.0972,2
GACCAATTCGTGAGGA-1,0.0924,2
GACCTGGCAACAGAGC-1,0.0728,2
GACCTGGCAGAACAGC-1,0.1068,2
GACCTGGGTCATCTGA-1,0.1148,2
GACCTGGTCATATCTC-1,0.0776,2
GACCTGGTCATCGACA-1,0.0768,2
GACCTGGTCATTGTTC-1,0.1212,2
GACCTGGTCTACGGAT-1,0.0986,2
GACGCGTAGAATGTTG-1,0.1098,2
GACGCGTAGGATGCGT-1,0.0646,2
GACGCGTGTACTGCTA-1,0.0966,2
GACGCGTGTCTCTATT-1,0.1844,2
GACGCGTTCTCATCCG-1,0.08,2
GACGGCTAGCTAGTTC-1,0.0906,2
GACGGCTCATTATCGG-1,0.0912,2
GACGGCTGTCAGTTTG-1,0.1426,1.85
GACGGCTGTGATTGGG-1,0.0826,2
GACGGCTGTGGCAAAC-1,0.0818,2
GACGTGCCAGCATGTT-1,0.0972,2
GACGTGCGTGAAGCCA-1,0.0918,2
GACGTGCTCACGTATG-1,0.112,2
GACGTTAAGACGCACA-1,0.0764,2
GACGTTACACTCCGAG-1,0.0988,2
GACGTTAGTTCCACAA-1,0.0938,2
GACGTTATCTGAAGTC-1,0.0798,2
GACGTTATCTTAGCTT-1,0.0936,2
GACTAACAGTTTAGGA-1,0.1012,2
GACTAACGTAAACCTC-1,0.0836,2
GACTAACGTAACGCGA-1,0.0974,2
GACTAACGTCAACCGC-1,0.0966,2
GACTAACTCTTGGCCT-1,0.076,2
GACTACAAGGCATTGG-1,0.109,2
GACTACACACTTGCAA-1,0.093,2
GACTACAGTAATCAGA-1,0.0904,2
GACTACATCTGGGATT-1,0.0984,2
GACTGCGCAACGCCGT-1,0.08,2
GACTGCGGTACGTTCA-1,0.08,2
GAGCAGAAGACAGTTA-1,0.1496,3.55
GAGCAGAAGCGCCTTG-1,0.1104,2
GAGCAGAAGGCATTTC-1,0.0838,2
GAGCAGACAGGTCTGC-1,0.076,2
GAGCAGACATGTTGCA-1,0.0806,2
GAGCAGAGTCGTAATC-1,0.1152,2
GAGCAGATCCTACCCA-1,0.103,2
GAGGTGAAGCATGAGC-1,0.1564,3.5
GAGGTGACATCCAGCG-1,0.1144,2
GAGGTGAGTCAGAAGC-1,0.0814,2
GAGGTGAGTGGCAACA-1,0.0818,2
GAGTCCGAGGTGCAAC-1,0.074,2
GAGTCCGGTCATGCTA-1,0.092,2
GATCAGTAGAGTACAT-1,0.0888,2
GATCAGTAGCAAAGCC-1,0.0752,2
GATCAGTAGTCTCGTA-1,0.081,2
GATCAGTGTAACGGCA-1,0.0834,2
GATCAGTGTGCTATTG-1,0.139,2
GATCAGTTCGACCATA-1,0.0732,2
GATCAGTTCTGTATTC-1,0.0852,2
GATCAGTTCTGTTGTT-1,0.087,2
GATCAGTTCTTTCGCG-1,0.1158,2
GATCGATAGTCCATAC-1,0.088,2
GATCGATCACAGCTAT-1,0.1072,2
GATCGATTCGGTGCAC-1,0.0742,2
GATCGATTCTACCGAA-1,0.0968,2
GATCGCGAGCGATTAA-1,0.1162,2
GATCTAGAGCGATCCC-1,0.0776,2
GATCTAGCAGTGAATA-1,0.1044,2
GATCTAGGTCCGCAAC-1,0.0796,2
GATCTAGGTCGGAAGT-1,0.0808,2
GATCTAGGTTGACCCG-1,0.1078,2
GATGAAAAGAAGATTC-1,0.0736,2
GATGAAAAGCTAACTC-1,0.0864,2
GATGAAAAGCTGCACC-1,0.11,2
GATGAAAGTCCTCGGA-1,0.0986,2
GATGAGGCAATCCATG-1,0.1032,2
GATGAGGGTCTCTTTA-1,0.1626,2
GATGAGGGTGATACCT-1,0.0766,2
GATGAGGTCCGAAGGA-1,0.0968,2
GATGCTAAGCCAAACG-1,0.0916,2
GATGCTACATCGGGCT-1,0.0822,2
GATGCTAGTCGTCTTC-1,0.074,2
GATGCTATCAGCGGCT-1,0.0974,2
GATTCAGAGAAGGGTA-1,0.0844,2
GATTCAGAGTCGACTT-1,0.1016,2
GATTCAGAGTGTGATA-1,0.0974,2
GATTCAGGTAGAATAC-1,0.0902,2.95
GATTCAGGTGACACGA-1,0.095,2
GATTCAGGTGCATCTA-1,0.0836,2
GCAAACTCAGTACCTA-1,0.1016,5.6
GCAAACTGTCGAATCT-1,0.077,2
GCAAACTGTCGACGCT-1,0.0872,2
GCAAACTGTGTGTTCA-1,0.077,2
GCAATCAAGCCTATGT-1,0.1084,2
GCAATCAAGCTAGTTC-1,0.0894,2
GCAATCAAGGATCCTT-1,0.0778,2
GCAATCAAGGTGTGGT-1,0.0702,2
GCACATAAGCACGCCT-1,0.0854,2
GCACATAAGCGTTGCC-1,0.0814,2
GCACATAGTGTCGCTG-1,0.104,2
GCACATATCATGGGCC-1,0.0824,2
GCACTCTAGAAGCCCA-1,0.0816,2
GCACTCTAGGCCCTTG-1,0.117,2
GCACTCTAGGTGTGGT-1,0.0732,2
GCACTCTAGTTAGGTA-1,0.107,2
GCACTCTAGTTTCTGG-1,0.0842,2
GCACTCTCATCTTTCA-1,0.177,1.95
GCACTCTGTTGTAGCT-1,0.0826,2
GCACTCTTCGAAGCGA-1,0.088,2
GCACTCTTCTTCACGC-1,0.0804,2
GCAGCCAAGCCAACAG-1,0.1052,2
GCAGCCACACCGGCAT-1,0.0808,2
GCAGCCACACGCACGT-1,0.0834,2
GCAGCCACAGATGAAT-1,0.0936,2
GCAGCCAGTAGCTAAA-1,0.1512,2
GCAGCCATCCACTGCT-1,0.0764,2
GCAGTTAAGAGTTGGC-1,0.0774,2
GCAGTTAAGATCCTGT-1,0.1442,3.55
GCATACAAGCGATTCT-1,0.104,5.4
GCATACAAGGGAAACA-1,0.0802,2
GCATACACAACAGAGC-1,0.0746,2
GCATACACATGCAGTT-1,0.0854,2
GCATGATAGGAGCGAG-1,0.0824,2
GCATGATGTCAAACTC-1,0.0854,2
GCATGATTCCAGGCGT-1,0.109,2
GCATGCGCAGATCGAG-1,0.0892,2
GCATGCGGTACCTAGT-1,0.1122,2
GCATGCGTCGTATTGG-1,0.1404,2
GCATGTAAGGGTTTCT-1,0.085,2
GCATGTACAGGTCAAG-1,0.0854,2
GCATGTAGTCATGGCC-1,0.0928,2
GCATGTATCTGGAGTT-1,0.0774,2
GCCAAATAGACCCACC-1,0.0742,2
GCCAAATAGATCCGAG-1,0.0926,2
GCCAAATAGGGTAACC-1,0.0842,2
GCCAAATTCCTACGAA-1,0.1018,2
GCGACCAAGAGCTTCT-1,0.0906,2
GCGACCAAGTACGACG-1,0.0874,2
GCGACCACATGTTGCA-1,0.087,2
GCGACCATCTAGACAC-1,0.0756,2
GCGAGAAAGGTGTGTG-1,0.1166,2
GCGAGAATCATCAGGT-1,0.0846,2
GCGAGAATCCACCTTG-1,0.1124,2
GCGCAACCATAGTGAA-1,0.103,2
GCGCAACGTGTGAAAT-1,0.0988,2
GCGCAACTCCTTATTG-1,0.1014,2
GCGCAGTAGCCACCTG-1,0.1148,2
GCGCAGTCAATCCTTT-1,0.1284,2
GCGCAGTCAGATCGAG-1,0.133,1.95
GCGCAGTGTACTCGCG-1,0.1024,2
GCGCAGTGTCCGCAAC-1,0.0734,2
GCGCAGTGTCGTCTTC-1,0.0634,2
GCGCAGTTCATCAGGT-1,0.0842,2
GCGCAGTTCCTCATCG-1,0.1002,2
GCGCAGTTCGTGTACA-1,0.0916,2
GCGCCAAAGATGCGAC-1,0.0804,2
GCGCCAAAGCTATCAC-1,0.137,3.6
GCGCCAAGTACTACAC-1,0.0896,2
GCGCCAATCGATCCGG-1,0.0758,2
GCGCCAATCGTTCGAA-1,0.0956,2
GCGCGATCACAGTGTT-1,0.0894,2
GCGCGATCATAGCACT-1,0.0648,2
GCGCGATGTTGCACTA-1,0.101,2
GCGGGTTAGAACAATC-1,0.083,2
GCGGGTTCAGCGGTCT-1,0.0856,2
GCGGGTTGTACTGTTG-1,0.1196,2
GCGGGTTTCATGCGCG-1,0.12,2
GCTCCTAAGATGTGGC-1,0.073,2
GCTCCTACAACAGAGC-1,0.072,2
GCTCCTATCACTATGG-1,0.1162,2
GCTCCTATCTGATGGT-1,0.077,2
GCTCTGTAGGGATCTG-1,0.0914,2
GCTCTGTAGTTATCGC-1,0.091,2
GCTCTGTCAGCATGTT-1,0.1062,2
GCTCTGTCAGCGCTTG-1,0.1072,2
GCTCTGTGTCATGCTA-1,0.1802,2
GCTCTGTGTCATGGCC-1,0.0806,2
GCTCTGTTCACACGGC-1,0.118,2
GCTGCAGAGAATTCCC-1,0.1002,2.1
GCTGCAGCACACCTAA-1,0.1132,2
GCTGCAGTCTGGGCAC-1,0.0794,2
GCTGCGACAACTCCGG-1,0.0878,2
GCTGCGACACACCTAA-1,0.1138,2
GCTGCGACAGGGCTTC-1,0.083,2
GCTGCGAGTAACAATG-1,0.1152,2
GCTGCGAGTCAGTGGA-1,0.0896,2
GCTGCGATCACTATGG-1,0.1186,2
GCTGCTTAGTAGGTGC-1,0.08,2
GCTGCTTAGTCGAGTG-1,0.1542,3.55
GCTGCTTCATCCAGGC-1,0.0968,2
GCTGCTTGTTACGCGC-1,0.094,2
GCTGCTTTCGGAAGAC-1,0.0758,2
GCTGGGTAGCTAACTC-1,0.071,2
GCTGGGTAGTGCTGCC-1,0.0818,2
GCTGGGTTCACCACGG-1,0.1164,2
GCTGGGTTCGGATGCC-1,0.0742,2
GCTTCCACATCAGCAT-1,0.0754,2
GCTTCCATCGATAAGA-1,0.172,2
GCTTCCATCTTAGCTT-1,0.0876,2
GCTTGAAAGGCCCGTT-1,0.0926,2
GCTTGAACATACGTCA-1,0.0864,2
GCTTGAAGTGTGCTTA-1,0.0926,2
GCTTGAATCCGCGACA-1,0.0846,2
GCTTGAATCGGGTCCA-1,0.0808,2
GGAACTTAGACCGATG-1,0.112,2
GGAACTTAGATCACTC-1,0.0746,2
GGAACTTCAGTCCGGT-1,0.0756,2
GGAACTTTCGAGTACT-1,0.0786,2
GGAACTTTCTACAAGC-1,0.1094,1.95
GGAATAACAATGTAGA-1,0.1132,2
GGAATAATCGGAAGAC-1,0.0926,2
GGACAAGCAATGGCTT-1,0.0768,2
GGACAAGTCAGAAACA-1,0.0976,2
GGACAGACAGCCCATG-1,0.1114,2
GGACAGATCGTAACCA-1,0.1048,1.85
GGACAGATCTCCTGGT-1,0.06,2
GGACATTAGCTAGCCC-1,0.0802,2
GGACATTCAAGTACAA-1,0.1248,2
GGACATTGTAGAACAT-1,0.0768,2
GGACATTGTTAACCTG-1,0.0848,2
GGACATTTCAGTACAC-1,0.0816,2
GGACGTCCACTAAGGG-1,0.1216,2
GGACGTCGTTCCACAA-1,0.104,2
GGACGTCGTTTAGGAA-1,0.128,2
GGACGTCTCCGCACGA-1,0.1508,3.6
GGAGCAAAGGGCCATA-1,0.0958,2
GGAGCAACAACATAAG-1,0.198,2
GGAGCAAGTCAACATC-1,0.0812,2
GGAGCAAGTTCGCGTG-1,0.1758,3.55
GGATGTTAGAATGTGT-1,0.0734,2
GGATGTTAGATGTCTC-1,0.136,3.55
GGATGTTAGCCACGTC-1,0.1074,2
GGATGTTAGTAGATGT-1,0.089,2
GGATGTTCACCACGCA-1,0.104,2
GGATGTTGTGATTGGG-1,0.0898,2
GGATGTTTCAGTTCTT-1,0.1022,2
GGATTACAGGAGTACC-1,0.0734,2
GGATTACAGTGAACAT-1,0.0742,2
GGATTACCAAACTCAC-1,0.1366,3.55
GGATTACTCCAACAAC-1,0.0772,2
GGATTACTCCGTTCAC-1,0.1336,3.55
GGATTACTCTGATGGT-1,0.0918,2
GGCCGATAGCATGGCA-1,0.0848,2
GGCCGATAGGTAAACT-1,0.142,2
GGCCGATCAGTCCCTT-1,0.0838,2
GGCCGATTCGTGCTAA-1,0.1098,2
GGCGACTCAGATGAAT-1,0.1064,2
GGCGACTTCCTGATTT-1,0.0898,2
GGCGTGTCAGACTTGT-1,0.0836,2
GGCGTGTGTACTCCGG-1,0.1238,1.95
GGCGTGTGTCAGTTTG-1,0.1022,2
GGCGTGTTCGTTATCT-1,0.0834,2
GGCGTGTTCTTGGCCT-1,0.0862,2
GGCTCGACACCTCCAT-1,0.061,2
GGCTCGACACGAGATG-1,0.1126,2
GGCTCGATCCGAAGCC-1,0.0844,2
GGCTCGATCCTCTGCA-1,0.0864,2
GGCTCGATCGCTAGTA-1,0.1174,2
GGCTGGTAGAGGGATA-1,0.0852,2
GGCTGGTCATACGGTT-1,0.0906,2
GGCTGGTGTGGCAAAC-1,0.0788,2
GGCTGGTTCACCATCC-1,0.0764,2
GGCTGGTTCTGGCAGC-1,0.0792,2
GGGAATGGTAGACGAC-1,0.095,2
GGGAATGGTGCGTCAC-1,0.0762,2
GGGACCTAGCCTGATT-1,0.148,3.55
GGGACCTCACGGAGTA-1,0.1172,2
GGGACCTTCCTACTCG-1,0.0994,2
GGGAGATCAGGGCTTC-1,0.0876,2
GGGAGATCAGTAGAAT-1,0.1126,2
GGGAGATGTCAAGTCT-1,0.1058,2
GGGAGATGTCCTACCT-1,0.0826,2
GGGAGATGTTAGCTCA-1,0.0924,2
GGGAGATTCCAGACCG-1,0.1276,2
GGGAGATTCCGCTGAG-1,0.1044,2
GGGAGATTCGGGTCAC-1,0.078,2
GGGAGATTCTCCACGT-1,0.0914,2
GGGATGACAGACACAG-1,0.1088,3.55
GGGATGAGTAAGAAGG-1,0.0996,2
GGGATGAGTCGCGTAC-1,0.0828,2
GGGATGATCCGCGACA-1,0.0914,2
GGGATGATCCTGAAAC-1,0.0868,2
GGGCACTAGCAGCGTA-1,0.1126,2
GGGCATCAGCCAAACG-1,0.128,1.95
GGGCATCAGGATGTCG-1,0.0816,2
GGGCATCAGTGTGAAT-1,0.088,2
GGGCATCCATCCATAG-1,0.1084,2
GGGCATCGTCGCTTCT-1,0.0848,2
GGGCATCGTCTTGCGG-1,0.0824,2
GGGCATCGTTAGAGCG-1,0.111,2
GGGCATCTCCGCTTGT-1,0.0966,2
GGGCATCTCGATAGTC-1,0.087,2
GGGTCTGAGTTCGATC-1,0.0748,2
GGGTCTGGTAATATGG-1,0.1138,2
GGGTCTGGTTTAGCAC-1,0.0764,2
GGGTTGCAGTGACATA-1,0.1134,2
GGGTTGCCAAGGCTAG-1,0.0864,2
GGGTTGCCAAGGTATA-1,0.0996,2
GGGTTGCCACGATAGG-1,0.1362,3.6
GGGTTGCCATCCTGGG-1,0.08,2
GGGTTGCGTTGGCGTC-1,0.0872,2
GGGTTGCTCCACCGGA-1,0.0948,2
GGGTTGCTCGGATCCG-1,0.0868,2
GGTATTGAGCGCCTCA-1,0.0844,2
GGTATTGAGGACACCA-1,0.0834,2
GGTATTGAGGGATCTG-1,0.1012,2
GGTATTGAGGTAGCCA-1,0.0978,2
GGTATTGGTAAGCGCA-1,0.0992,2
GGTATTGGTTAACCTG-1,0.1058,2
GGTGAAGAGTCTCGTA-1,0.1158,2
GGTGAAGGTACGTTCA-1,0.0814,2
GGTGAAGGTCCATTGA-1,0.1254,2
GGTGAAGGTCGCTCAG-1,0.088,2
GGTGAAGTCGCTATGA-1,0.189,5.35
GGTGCGTAGGATGTCG-1,0.0816,2
GGTGCGTAGGGATACC-1,0.0802,2
GGTGCGTCACAAGGAC-1,0.0858,2
GGTGCGTTCCTGCACT-1,0.141,2
GGTGTTAAGAAGGCCT-1,0.083,2
GGTGTTAAGACTGGCA-1,0.082,2
GGTGTTAAGATAGTCA-1,0.1518,2
GGTGTTAAGGGTTCGA-1,0.0722,2
GGTGTTAAGTGGACGT-1,0.0812,2
GGTGTTACACGCACCA-1,0.1084,5.3
GGTGTTAGTTCTAGAC-1,0.0982,2
GGTGTTAGTTGTAGCT-1,0.0796,2
GTAACGTAGGCAGGTT-1,0.07,2
GTAACGTCATGAGGCA-1,0.08,2
GTAACTGAGTGAAGTT-1,0.0648,2
GTAACTGGTAACTTCG-1,0.095,2
GTACGTAAGTACTTGC-1,0.088,2
GTACGTACACGATGGA-1,0.0904,2
GTACGTACATCCCTTG-1,0.1236,2
GTACGTATCTGGAGTT-1,0.0752,2
GTACTCCAGGTGTGTG-1,0.1056,2
GTACTCCCAGAACCAG-1,0.09,2
GTACTCCGTAACTAAG-1,0.1172,2
GTACTCCGTAGATCCT-1,0.0716,2
GTACTCCTCGGGTCCA-1,0.0812,2
GTACTCCTCTCGAACA-1,0.0814,2
GTACTTTAGCTGGTCC-1,0.0942,2
GTACTTTGTCGACCAC-1,0.1342,3.6
GTACTTTTCTAGAACC-1,0.076,2
GTACTTTTCTTCTTGA-1,0.1256,2
GTAGGCCCAGGTCTGC-1,0.0788,2
GTAGGCCGTACAAGAT-1,0.1042,2
GTAGGCCTCCTCGACT-1,0.076,2
GTAGTCAAGCGCGTCT-1,0.09,2
GTAGTCACAAGTGTTC-1,0.0738,2
GTAGTCACACGCGATC-1,0.0704,2
GTAGTCAGTAACGTGG-1,0.0858,2
GTAGTCATCCAGTCTC-1,0.0652,2
GTATCTTCACTACGTA-1,0.1786,3.45
GTATCTTCAGATCGAG-1,0.1034,2
GTATCTTGTACCAACT-1,0.0764,2
GTATCTTTCACTTTAC-1,0.09,2
GTATCTTTCCACCTTG-1,0.1158,2
GTCAAGTAGCGAACTG-1,0.1208,2
GTCAAGTAGCGATTCT-1,0.0724,2
GTCAAGTCACTTGTTT-1,0.1482,3.55
GTCAAGTGTTTAGGAA-1,0.0992,2
GTCAAGTTCTACGGGC-1,0.109,2
GTCACAATCCGCGACA-1,0.0932,2
GTCACGGAGATGTGGC-1,0.0738,2
GTCACGGAGCGCCTCA-1,0.0886,2
GTCACGGAGGGTAACC-1,0.1394,3.6
GTCACGGCAGAAGAAG-1,0.0952,2
GTCACGGGTGTGCTTA-1,0.1046,2
GTCACGGTCTTAGCTT-1,0.0976,2
GTCATTTAGAGCCACA-1,0.0926,2
GTCATTTGTGCGAACA-1,0.084,2
GTCATTTGTGGAAGGG-1,0.1396,3.6
GTCATTTGTTACGCCG-1,0.1128,2
GTCATTTTCAAGCCAT-1,0.0722,2
GTCATTTTCAGATGTC-1,0.1004,2
GTCATTTTCGTACGCG-1,0.1068,2
GTCCTCAAGTCCATAC-1,0.098,2
GTCCTCACACCAATGT-1,0.1378,2
GTCCTCACAGTTTGCA-1,0.089,2
GTCCTCATCGGGAAAC-1,0.0768,2
GTCGGGTGTACCTAGT-1,0.12,2
GTCGGGTGTGACGGTA-1,0.115,2
GTCGTAAAGTCTCGGC-1,0.0946,2
GTCGTAAAGTGTGATA-1,0.1054,2
GTCGTAAAGTTTGGCT-1,0.0884,2
GTCGTAAGTACAACGG-1,0.1244,2
GTCTCGTAGACAGAGA-1,0.1142,2
GTCTCGTAGCAGGTCA-1,0.086,2
GTCTCGTCAAATCAGA-1,0.0952,2
GTCTCGTGTGAAGCCA-1,0.0926,2
GTCTCGTGTTCCCACT-1,0.0748,2
GTCTCGTTCAAAGTGA-1,0.0936,2
GTCTCGTTCCCTGAGG-1,0.1582,3.55
GTCTCGTTCTGCACTC-1,0.1062,2
GTCTTCGAGGGTCTCC-1,0.0758,2
GTCTTCGTCGTTACCC-1,0.087,2
GTGAAGGCAACATGGG-1,0.0926,2
GTGAAGGCACGATGGA-1,0.0918,2
GTGAAGGCAGATATCC-1,0.0812,2
GTGAAGGCATACTGCA-1,0.1284,2
GTGAAGGGTTTCGCAA-1,0.1138,1.9
GTGAAGGTCGCTCTAC-1,0.088,2
GTGCAGCAGCTAGTGG-1,0.1124,2
GTGCAGCCAGAGGTCA-1,0.0732,2
GTGCAGCCAGGACCAA-1,0.0872,2
GTGCAGCGTGCAACCC-1,0.0842,2
GTGCAGCTCAAAGCGG-1,0.0954,2
GTGCATAAGGCCGAAT-1,0.0938,2
GTGCGGTAGATGTGGC-1,0.067,2
GTGCGGTAGGGCCATA-1,0.105,2
GTGCGGTCAATCTCTT-1,0.1014,2
GTGCGGTCACCAAAGG-1,0.1328,2
GTGCGGTGTCTCGGCA-1,0.2126,2
GTGCGGTGTGGTGCAA-1,0.0732,2
GTGCGGTGTGTTACGT-1,0.0846,2
GTGCTTCAGAATGTGT-1,0.073,2
GTGCTTCAGGAATGGA-1,0.0796,2
GTGCTTCCAACACTTG-1,0.1382,2
GTGCTTCGTCAAGTCT-1,0.1322,5.55
GTGCTTCGTCGCCAAC-1,0.0756,2
GTGGGTCAGTATGACA-1,0.0788,2
GTGGGTCAGTCATCCA-1,0.0726,2
GTGGGTCCAACTAGTC-1,0.1152,2
GTGGGTCGTCAACCGC-1,0.0926,2
GTGGGTCGTTCTTCGC-1,0.0956,2
GTGTGCGCACAGCCAC-1,0.0706,2
GTGTGCGCACGCGATC-1,0.083,2
GTGTGCGCAGGGACTA-1,0.0944,2
GTGTGCGGTCAAGCAG-1,0.0936,2
GTGTGCGTCTCGAATG-1,0.1072,2
GTGTTAGAGAACAATC-1,0.0738,2
GTGTTAGAGACCCACC-1,0.0754,2
GTGTTAGCAAGAACTA-1,0.1218,2
GTGTTAGCACGATAGG-1,0.125,4.55
GTGTTAGTCCCGCATT-1,0.079,2
GTTAAGCCAAACCCTA-1,0.0862,2
GTTAAGCTCGATACAC-1,0.08,2
GTTACAGAGTAGCCGA-1,0.0854,2
GTTACAGTCCGACGTG-1,0.1146,2
GTTCATTAGTAAGTAC-1,0.0756,2
GTTCATTCAAGGTGAC-1,0.0716,2
GTTCATTGTATGACTC-1,0.0754,2
GTTCATTGTTAAGATG-1,0.1148,5.55
GTTCATTGTTCTCAAG-1,0.0914,2
GTTCATTGTTTCCTGC-1,0.1402,3.55
GTTCGGGCAACTCCGG-1,0.1186,2
GTTCGGGCATGTTTCT-1,0.1008,2
GTTCGGGGTACCAGCC-1,0.0952,2
GTTCGGGTCATGTGAC-1,0.0808,2
GTTCGGGTCGTGCTAA-1,0.1064,2
GTTCTCGAGTCATCCA-1,0.0744,2
GTTCTCGAGTGGTAGC-1,0.0798,2
GTTCTCGGTCTAGCGC-1,0.0902,2
GTTCTCGTCAACAGCT-1,0.0774,2
GTTCTCGTCCTGATTT-1,0.0976,2
GTTCTCGTCGATTGCA-1,0.0928,1.95
GTTTCTAGTACTACAC-1,0.0834,2
GTTTCTATCACACGTA-1,0.118,2
TAAACCGAGGACCACA-1,0.0784,2
TAAACCGGTTCGGTGC-1,0.0818,2
TAAGAGAAGCCTGATT-1,0.1096,2
TAAGAGACATAGACAA-1,0.0996,2
TAAGAGAGTCAGGTAG-1,0.101,2
TAAGAGATCCATTTGT-1,0.0994,2
TAAGCGTAGACTGTAA-1,0.1078,2
TAAGCGTAGCTAGGCA-1,0.1418,3.55
TAAGCGTAGCTAGTGG-1,0.129,2
TAAGCGTAGGTAAGTT-1,0.0988,2
TAAGCGTGTCATACTG-1,0.1156,2
TAAGCGTGTCTAGGTT-1,0.0922,2
TAAGCGTGTTGAAGGC-1,0.0796,2
TAAGCGTTCGTTGCAA-1,0.0978,2
TAAGTGCAGGAGCGTT-1,0.0788,2
TAAGTGCAGTTCGATC-1,0.0738,2
TACACGACAGTTTGCA-1,0.0904,2
TACACGACATCTCACC-1,0.075,2
TACACGATCTGGGATT-1,0.0744,2
TACACGATCTTGCGAA-1,0.0948,2
TACAGTGCAAATTCCG-1,0.1084,2
TACCTATAGAACTTCC-1,0.0776,2
TACCTATCAACAGTGG-1,0.1366,1.95
TACCTATCAATGGCTT-1,0.077,2
TACCTATCACATAAAG-1,0.1176,2
TACCTATGTGGCCTGT-1,0.083,2
TACCTATTCGTTAAGC-1,0.0676,2
TACCTATTCTGAAGTC-1,0.0856,2
TACCTTAAGATTGAGT-1,0.0762,2
TACCTTAAGCCAGTAG-1,0.1088,2
TACCTTAAGGTGTGGT-1,0.0708,2
TACCTTACACGTCATA-1,0.0958,2
TACCTTACACTCCCTA-1,0.144,3.55
TACCTTACAGACACGA-1,0.0984,2
TACCTTAGTCAAGCCC-1,0.0926,2
TACCTTATCATGCGCG-1,0.1134,2
TACGGATAGCGATCCC-1,0.11,2
TACGGATAGTGCCATT-1,0.0658,2
TACGGATCAGCGCATC-1,0.0758,2
TACGGATTCCAACGTA-1,0.1624,2
TACGGGCAGCATGAGC-1,0.0712,2
TACGGGCCACATTGGT-1,0.0834,2
TACGGGCCAGAGCTCC-1,0.0788,2
TACGGGCGTCAACCGC-1,0.105,2
TACGGGCTCGTAGCGC-1,0.092,2
TACGGGCTCTGGCAGC-1,0.081,2
TACGGTAAGGGTCGAT-1,0.0854,2
TACGGTAGTTAGCTCA-1,0.083,2
TACTCATAGATTGAGT-1,0.0768,2
TACTCATAGGGATTCG-1,0.077,2
TACTCATAGTTAGGGC-1,0.0774,2
TACTCATCAACCCTGG-1,0.0926,2
TACTCATCAAGCTATC-1,0.0778,2
TACTCGCTCGTGTCAA-1,0.098,2
TACTTACAGACCACGA-1,0.0756,2
TACTTACAGCGTGAAC-1,0.0724,2
TACTTACAGTAGATCA-1,0.086,2
TACTTACCAAGGTCGA-1,0.0852,2
TACTTACGTAAACCTC-1,0.0942,2
TACTTACTCAGAAACA-1,0.0926,2
TACTTACTCGCTATGA-1,0.1346,2
TACTTACTCTGGTGAT-1,0.0774,2
TACTTGTGTGCTTCGG-1,0.0864,2
TACTTGTTCAGGTGAG-1,0.0838,2
TACTTGTTCCGACCAG-1,0.0884,2
TAGACCAAGACCTTTG-1,0.1124,2
TAGACCAAGTCCCGAC-1,0.0856,2
TAGACCAAGTGAAGAG-1,0.1046,2
TAGACCACAAGCATGG-1,0.114,2
TAGACCACAGATGAAT-1,0.0798,2
TAGACCAGTAACAATG-1,0.1136,2
TAGACCATCACTGCGG-1,0.0926,2
TAGACCATCAGACACT-1,0.0724,2
TAGACCATCCGCACGA-1,0.1044,2
TAGAGCTAGTGAACAT-1,0.0768,2
TAGAGCTCATTACTTC-1,0.1136,2
TAGAGCTGTAACCGAG-1,0.082,2
TAGAGCTGTACCAACT-1,0.0814,2
TAGAGCTGTGACTGAG-1,0.0912,2
TAGCCGGAGCGTAGTG-1,0.123,2
TAGCCGGAGGTGTGTG-1,0.11,2
TAGCCGGCAGACTCCG-1,0.104,2
TAGCCGGGTACATGAA-1,0.1726,2
TAGCCGGGTAGAATAC-1,0.0836,2
TAGCCGGGTAGCAGTG-1,0.122,2
TAGCCGGGTCAAGTCT-1,0.0974,2
TAGCCGGGTTCTAGAC-1,0.1064,2
TAGCCGGGTTGCAGCC-1,0.0838,2
TAGGCATAGTGATGAT-1,0.1638,3.1
TAGGCATAGTGGACGT-1,0.0772,2
TAGGCATGTAGCCCTG-1,0.1004,2
TAGGCATGTCTTAGTG-1,0.5886,4.9
TAGTGGTAGAAGGCCT-1,0.0828,2
TAGTGGTCAATCGTCA-1,0.149,3.55
TAGTGGTTCCTACTCG-1,0.1032,2
TAGTGGTTCGCAGCAC-1,0.0644,2
TAGTTGGAGATCCCGC-1,0.0698,2
TAGTTGGAGCAGGCTA-1,0.0838,2
TAGTTGGCACGGAATG-1,0.0882,2
TAGTTGGCATGTATGC-1,0.0896,2
TATCAGGCAACCCTGG-1,0.0714,2
TATCAGGGTGATAAGT-1,0.097,2
TATCAGGGTTGGTGAG-1,0.086,2
TATCTCAGTTTGTCAG-1,0.0776,2
TATCTCATCCGCGAGT-1,0.0908,2
TATGCCCAGCAGAGAA-1,0.1116,2
TATGCCCCAGGTGTGA-1,0.101,2
TATGCCCCATCCCAAA-1,0.0844,2
TATGCCCGTCATCTGA-1,0.126,2
TATGCCCGTTGAACAA-1,0.0992,2
TATGCCCTCCATTTGT-1,0.1072,2
TATGCCCTCTATTGCT-1,0.0902,2
TATTACCAGAGGCAAA-1,0.1116,2
TATTACCCAACGCGTC-1,0.0974,2
TATTACCCACACGTGC-1,0.0872,2
TATTACCCATCCAGGC-1,0.1484,3.55
TATTACCGTGGGAAGG-1,0.0896,2
TATTACCTCTCGAGCG-1,0.1112,2
TATTACCTCTTGCGGG-1,0.0892,2
TCAACGAAGATACACA-1,0.092,2
TCAACGAAGCTATGCT-1,0.0702,2
TCAACGACAGTAATCC-1,0.0752,2
TCAACGACATGAATGA-1,0.1184,2
TCAACGAGTTGCACTA-1,0.0832,2
TCAATCTAGCGCGTCT-1,0.0922,2
TCAATCTGTACGTTCA-1,0.087,2
TCAATCTTCTGTTGTT-1,0.0792,2
TCACAAGAGTCAAGCG-1,0.1146,2
TCACAAGCACATTCAG-1,0.1212,2
TCACAAGCACGAGCTC-1,0.1432,2
TCACAAGGTACTTGCA-1,0.1054,2
TCACAAGGTCCCACAG-1,0.0996,2
TCACGAAAGGTGCTAG-1,0.1014,2
TCACGAACAGCCAGTC-1,0.0898,2
TCACGAAGTCCTAGTA-1,0.1784,2.3
TCACGAATCACTTTAC-1,0.0936,2
TCACGAATCCCATGTC-1,0.083,2
TCACGAATCGTCTAAG-1,0.1214,2
TCAGATGGTTGCCAAT-1,0.085,2
TCAGATGTCGATACAC-1,0.093,2
TCAGATGTCGTCCCTA-1,0.0884,2
TCAGCAAAGCATGAGC-1,0.0858,2
TCAGCAACAACTGGAG-1,0.1018,2
TCAGCAACACCTGGCA-1,0.0896,2
TCAGCAACATACGGTT-1,0.0738,2
TCAGCAAGTCTCCACT-1,0.0702,2
TCAGCAATCCACCTTG-1,0.1214,2
TCAGCAATCCTACGAA-1,0.1098,2
TCAGCAATCCTAGACA-1,0.0842,2
TCAGCTCCATACGGTT-1,0.089,2
TCAGCTCGTAACGAGC-1,0.0828,2
TCAGCTCGTACCTAGT-1,0.1252,2
TCAGCTCTCGATAGTC-1,0.0758,2
TCAGCTCTCGCAACGC-1,0.0876,2
TCAGGATAGAGCAATT-1,0.1124,2
TCAGGATAGTAATCCC-1,0.0778,2
TCAGGATCACGTCATA-1,0.1038,2
TCAGGATCAGAGATCG-1,0.0962,2
TCAGGATTCACTCATT-1,0.0988,2
TCAGGATTCTCTAGTT-1,0.103,2
TCAGGTAAGCTTTGGT-1,0.0744,2
TCAGGTAAGGCTCTCG-1,0.1202,2
TCAGGTATCAAGCCGC-1,0.0798,2
TCAGGTATCTCATGTT-1,0.0988,2
TCATTACCAATGGCAG-1,0.0854,2
TCATTACTCAGCGCGT-1,0.1076,2
TCATTTGCAGGCCTTG-1,0.092,2
TCATTTGGTCTTACCC-1,0.0948,2
TCATTTGTCCTGAAAC-1,0.0816,2
TCATTTGTCTGGGATT-1,0.1034,2
TCCACACAGCTATCAC-1,0.07,2
TCCACACCATCTCACC-1,0.0826,2
TCCACACTCGGGAAAC-1,0.0734,2
TCCCGATAGCAGCGTA-1,0.1088,2
TCCCGATAGCTAACTC-1,0.077,2
TCCCGATCAAGGCCCT-1,0.0728,2
TCCCGATCAGAACCAG-1,0.083,2
TCCCGATCATACGGAG-1,0.0966,2
TCCCGATGTGTTACGT-1,0.0962,2
TCGAGGCAGATGCGAC-1,0.081,2
TCGAGGCAGGATATAC-1,0.0962,2
TCGAGGCTCCGTATTT-1,0.1086,2
TCGCGAGAGAATTGTG-1,0.1164,2
TCGCGAGCACGACGCT-1,0.1034,2
TCGCGAGCACGATAGG-1,0.1144,2
TCGCGAGTCCTCATCG-1,0.1066,2
TCGCGAGTCGAACCCG-1,0.1078,2
TCGCGTTAGACTAAGT-1,0.1018,2
TCGCGTTCACGCACCA-1,0.1062,2
TCGCGTTTCCAACCGG-1,0.093,2
TCGGGACAGAGTGACC-1,0.0764,2
TCGGGACAGCTGTCTA-1,0.1456,3.55
TCGGGACCAAAGTAAC-1,0.0746,2
TCGGGACCATACGGAG-1,0.1064,2
TCGGGACTCCACCCAT-1,0.0874,2
TCGGTAACAGACTCCG-1,0.0968,2
TCGGTAACAGAGGCTA-1,0.098,2
TCGGTAATCTGCTAGA-1,0.1374,2
TCGGTAATCTTCCGAC-1,0.064,2
TCGTACCAGACAGACC-1,0.0832,2
TCGTACCAGTGCGTGA-1,0.1408,2
TCGTACCCATAGTGAA-1,0.1176,2
TCGTACCGTATGCGGA-1,0.1086,2
TCGTACCGTCGCGAAA-1,0.15,2
TCGTACCGTCGCGCTA-1,0.114,2
TCGTACCGTGCATGAG-1,0.1406,2
TCGTACCTCGGAGTTT-1,0.1342,2
TCGTAGAAGAGACTAT-1,0.101,2
TCGTAGAAGCCAGGAT-1,0.0956,2
TCGTAGAAGCTAAGAT-1,0.163,4.5
TCGTAGAGTTGCCAAT-1,0.0894,2
TCGTAGATCGTGCCTT-1,0.0832,2
TCTATTGTCGTTCGTC-1,0.0838,2
TCTCATACAGAACCAG-1,0.0868,2
TCTCATATCGTTATTC-1,0.0822,2
TCTCATATCTCGTGGG-1,0.0738,2
TCTCTAAAGGACAGAA-1,0.106,2
TCTCTAACAGTGCTTA-1,0.095,2
TCTCTAACATATCGTG-1,0.12,2
TCTCTAAGTCTCGGCA-1,0.0924,2
TCTCTAATCAGGTGAG-1,0.0868,2
TCTCTAATCGCTATTT-1,0.1588,3.6
TCTCTAATCTGGGCAC-1,0.0726,2
TCTCTAATCTGGGCTG-1,0.075,2
TCTGAGAAGCATGAGC-1,0.0674,2
TCTGAGAAGGCATGGT-1,0.0636,2
TCTGAGACACAGCTGC-1,0.0814,2
TCTGAGATCTAAGACC-1,0.0748,2
TCTGGAAAGAACTCGG-1,0.0832,2
TCTGGAACAATACTGC-1,0.0916,2
TCTGGAACAGCGCCAT-1,0.0776,2
TCTTCGGGTTACTGAC-1,0.082,2
TCTTCGGTCAGCGTCG-1,0.1562,1.9
TCTTTCCCACGATGGA-1,0.0934,2
TCTTTCCTCCTGCGTT-1,0.0944,2
TGAAAGAAGACAGTTA-1,0.0954,2
TGAAAGAAGACGCTTT-1,0.0964,2
TGAAAGAGTGTCCTTC-1,0.1674,3.5
TGAAAGATCAGAGTCT-1,0.0808,2
TGAAAGATCCGCTGAG-1,0.0922,2
TGAAAGATCGTTATTC-1,0.0776,2
TGACAACAGAGAACAG-1,0.0846,2
TGACAACAGAGGGATA-1,0.0968,2
TGACAACAGATGTGGC-1,0.0752,2
TGACAACCAACCCTGG-1,0.0884,2
TGACAACGTGACCAAG-1,0.101,2
TGACAACGTTGCACTA-1,0.2616,1.5
TGACAACTCATGGTGT-1,0.1684,2
TGACGGCCAACCCACG-1,0.1174,2
TGACGGCTCCTTCGCA-1,0.0954,2
TGACGGCTCTCGAACA-1,0.0806,2
TGACTAGCAGCCAGTC-1,0.0906,2
TGACTAGGTACGTCAT-1,0.1384,3.6
TGACTAGTCACGTATG-1,0.0864,2
TGACTAGTCGGTCACG-1,0.089,2
TGACTTTGTAACGAGC-1,0.0706,2
TGACTTTGTTGGAGCA-1,0.09,2
TGACTTTTCCAAAGAA-1,0.1282,2
TGACTTTTCCTTCGCA-1,0.087,2
TGAGAGGAGAATTGTG-1,0.1142,2
TGAGAGGCAAGTGCAG-1,0.0886,2
TGAGAGGGTTTAGGAA-1,0.0938,2
TGAGAGGTCATCGGTA-1,0.1088,2
TGAGAGGTCGGAGTTT-1,0.1294,2
TGAGAGGTCTACAGCA-1,0.087,2
TGAGCATAGAACTTCC-1,0.1226,2
TGAGCATAGTTTCCTT-1,0.0712,2
TGAGCATCACTTCAGA-1,0.1258,2
TGAGCATCATTCTTGT-1,0.09,2
TGAGCCGAGCCTAACT-1,0.08,2
TGAGCCGCATACGGAG-1,0.0742,2
TGAGCCGCATGTTTCT-1,0.0766,2
TGAGCCGTCTCCTGGT-1,0.0868,2
TGAGGGAAGCAGTCTT-1,0.0756,2
TGAGGGAAGGGTGTGT-1,0.079,2
TGAGGGAAGTCGCCGT-1,0.0824,2
TGAGGGAGTAATGACA-1,0.077,2
TGAGGGAGTGAAAGAG-1,0.0934,2
TGAGGGATCCTCAGTC-1,0.0992,2
TGAGGGATCGCCAACG-1,0.0908,2
TGAGGGATCGGGCTCA-1,0.0872,2
TGAGGGATCTCGGTTC-1,0.0744,2
TGATTTCAGAAAGCTT-1,0.0856,2
TGATTTCAGCGAGAAA-1,0.1474,2
TGATTTCGTTAGAGCG-1,0.0948,2
TGCACCTAGATACACA-1,0.0844,2
TGCACCTAGCTGGTCC-1,0.0788,2
TGCACCTGTATACACC-1,0.0738,2
TGCCAAAAGCAAATCA-1,0.083,2
TGCCAAAAGTTCGCAT-1,0.0802,2
TGCCAAACACTTGTTT-1,0.1034,2
TGCCAAAGTACGTAAA-1,0.1272,2
TGCCAAATCGAGCGTC-1,0.1286,2
TGCCCATAGACGTCGA-1,0.5346,4.35
TGCCCATAGACTTGAA-1,0.0986,2
TGCCCATAGGGTTTCT-1,0.081,2
TGCCCATGTAGGGTGT-1,0.0752,2
TGCCCATGTTCTTCGC-1,0.0772,2
TGCCCATTCTTGCTTA-1,0.0898,2
TGCCCTAAGTCACGCC-1,0.0836,2
TGCCCTAGTACTTGCA-1,0.0876,2
TGCCCTAGTGGGCCTT-1,0.0908,2
TGCGCAGAGTCGTGTT-1,0.0812,2
TGCGCAGCATGAAAGT-1,0.0882,2
TGCGCAGGTACTGTTG-1,0.1508,3.55
TGCGCAGGTCTTCGCT-1,0.0994,2
TGCGCAGTCATCGACA-1,0.7986,1.55
TGCGGGTCAATAACAG-1,0.0834,2
TGCGGGTGTAACGAGC-1,0.095,2
TGCGGGTGTGCATCTA-1,0.0928,2
TGCGGGTGTTCCACAA-1,0.1036,2
TGCGGGTTCCGCTGAG-1,0.0892,2
TGCGTGGAGGAGTACC-1,0.1256,1.95
TGCGTGGAGTAATCCC-1,0.0782,2
TGCGTGGAGTGAACAT-1,0.1,2
TGCGTGGCAAGCCAAG-1,0.0878,2
TGCGTGGCACCCGTGA-1,0.119,2
TGCGTGGGTAACGAGC-1,0.0792,2
TGCGTGGTCGTTACTT-1,0.0936,2
TGCTACCAGTGTCTCA-1,0.0826,2
TGCTACCCACTCATGA-1,0.099,2
TGCTACCTCAGGACAG-1,0.0948,2
TGCTACCTCGGATGCC-1,0.081,2
TGCTGCTAGAGATGAG-1,0.0902,2
TGCTGCTGTCATCTAG-1,0.1216,2
TGCTGCTTCCACTTAT-1,0.1728,3.55
TGCTGCTTCTGTATTC-1,0.1232,2
TGGACGCAGCATCTTG-1,0.1524,2
TGGACGCAGTCGTACT-1,0.0678,2
TGGACGCTCAGAGTCT-1,0.0798,2
TGGACGCTCCAAGGGA-1,0.0978,2
TGGACGCTCCCATGTC-1,0.1132,1.95
TGGACGCTCGCAACGC-1,0.0934,2
TGGCCAGAGCTAAGAT-1,0.0944,2
TGGCCAGAGTCCATAC-1,0.095,2
TGGCCAGAGTTAGGTA-1,0.1072,2
TGGCCAGGTAGGTTTC-1,0.0928,2
TGGCCAGGTGCTATTG-1,0.1288,2
TGGCCAGTCTTCACGC-1,0.0844,2
TGGCGCAAGAAGCCCA-1,0.0774,2
TGGCGCAAGCATGGCA-1,0.1178,1.9
TGGCGCAAGGCATATA-1,0.2014,5.15
TGGCGCAAGTAGTGCG-1,0.0814,2
TGGCGCAGTTCGATAC-1,0.0878,2
TGGCGCATCGAGGAGT-1,0.0638,2
TGGCTGGAGTGCTGCC-1,0.0736,2
TGGCTGGCATGACTCA-1,0.0858,2
TGGCTGGGTCAAACTC-1,0.101,2
TGGCTGGGTCAGTGGA-1,0.0974,2
TGGCTGGGTTTCCATT-1,0.0998,2
TGGCTGGTCGGCACCA-1,0.0852,2
TGGCTGGTCTAGAACC-1,0.073,2
TGGGAAGAGTACAGTA-1,0.1104,2
TGGGAAGCAGGGAAGG-1,0.1082,2
TGGGAAGCATAGAGCG-1,0.1014,2
TGGGAAGTCAGGACTT-1,0.5774,2.05
TGGGCGTCACGGCTGT-1,0.0794,2
TGGGCGTGTGGTGAGT-1,0.084,2
TGGGCGTGTTTGGCTA-1,0.0832,2
TGGGCGTTCCTCTGCA-1,0.0872,2
TGGTTAGAGGCGTTGA-1,0.1388,3.65
TGGTTAGCACCACATA-1,0.1472,3.55
TGGTTAGTCTGGCAGC-1,0.0802,2
TGGTTCCAGCACAGGT-1,0.1008,2
TGGTTCCCACTTTCCG-1,0.0934,2
TGGTTCCGTCTCGAGC-1,0.138,3.55
TGGTTCCTCAATAGAG-1,0.1106,2
TGTATTCCACCAAAGG-1,0.1258,2
TGTATTCGTTTACTCT-1,0.0838,2
TGTATTCTCCCTGAGG-1,0.0966,2
TGTATTCTCTTAAGGC-1,0.0796,2
TGTCCCAAGAGGTTAT-1,0.0952,2
TGTCCCACAATCCTTT-1,0.117,2
TGTGGTACACTTCTTA-1,0.1016,2
TGTGGTACAGATTGTC-1,0.0874,2
TGTGGTAGTGATGTTC-1,0.1496,3.5
TGTGGTATCAGACACT-1,0.071,2
TGTGGTATCAGATTCG-1,0.0892,2
TGTGTTTAGTGCGATG-1,0.1022,2
TGTGTTTCAACCCTGG-1,0.091,2
TGTGTTTGTCAGAAGC-1,0.0778,2
TGTGTTTGTCCTAGTA-1,0.1306,2
TGTGTTTTCGAACCCG-1,0.1,2
TGTTCCGCAGGACCAA-1,0.0776,2
TGTTCCGCAGTGAAAT-1,0.1062,2
TGTTCCGGTACCACTA-1,0.093,2
TGTTCCGGTAGGCTGA-1,0.0894,2
TGTTCCGTCTGCTGAA-1,0.0996,2
TTAACTCAGAGCGAAA-1,0.1638,3.55
TTAACTCAGGTATCGG-1,0.0952,2
TTAACTCCATGAAAGT-1,0.0884,2
TTAACTCGTAAAGTCA-1,0.0778,2
TTAACTCTCTTCTAAC-1,0.087,2
TTAGGACCAAAGCGCA-1,0.1054,2
TTAGGACGTCGGATGA-1,0.1222,2
TTAGGACTCACCACGG-1,0.1058,2
TTAGGACTCGCACAGC-1,0.0764,2
TTAGGCAAGCCCAGCT-1,0.0862,2
TTAGGCACATAGAGGC-1,0.0878,2
TTAGGCACATGGCTAT-1,0.086,2
TTAGGCAGTACAAGGC-1,0.0816,2
TTAGTTCAGGATCCTT-1,0.199,2
TTAGTTCGTGGCGTCT-1,0.0802,2
TTAGTTCTCGTTAGGT-1,0.0864,2
TTATGCTAGGCATTGG-1,0.0996,2
TTATGCTCAGTGAAAT-1,0.0912,2
TTATGCTGTATGACTC-1,0.077,2
TTATGCTTCTGCTACC-1,0.135,3.6
TTCCCAGCAAGGGATC-1,0.0708,2
TTCCCAGGTACCACTA-1,0.1034,2
TTCCCAGGTCTTCGCT-1,0.1308,2
TTCCCAGGTGAAAGAG-1,0.0948,2
TTCGAAGCAGGTACGA-1,0.101,2
TTCGGTCCAACGAAAT-1,0.0976,2
TTCGGTCGTCTGCCAG-1,0.0846,2
TTCGGTCTCCCGCATT-1,0.0826,2
TTCGGTCTCTCCACAC-1,0.0822,2
TTCGGTCTCTTTCGCG-1,0.121,2
TTCTACAAGTGTGATA-1,0.0962,2
TTCTACAGTTATGCGT-1,0.076,2
TTCTACATCGATAGTC-1,0.0832,2
TTCTCAAAGCTCTCGG-1,0.095,2
TTCTCAATCCGCGACA-1,0.089,2
TTCTCAATCGCGATGC-1,0.1632,3.6
TTCTCCTCACCTGCAG-1,0.1012,2
TTCTCCTTCCAAACCA-1,0.1248,2
TTCTCCTTCCGCGACA-1,0.1734,3.05
TTCTCCTTCGAGTTGT-1,0.1776,1.95
TTCTCCTTCTCAGATG-1,0.1148,2
TTCTCCTTCTGAAGTC-1,0.0758,2
TTCTTAGAGCTGCCCA-1,0.0854,2
TTCTTAGCAGATATCC-1,0.1406,3.6
TTCTTAGTCTAAGGAA-1,0.1138,2
TTCTTAGTCTACCGAA-1,0.0804,2
TTGAACGAGTTGTAGA-1,0.1122,2
TTGACTTAGCGCGATA-1,0.1044,2
TTGACTTCACATCGAT-1,0.0864,2
TTGACTTGTATGACTC-1,0.08,2
TTGACTTTCGAAAGGC-1,0.0752,2
TTGCCGTCACTTCAGA-1,0.1046,2
TTGCCGTCATAGAGGC-1,0.0862,2
TTGCCGTCATTTGCGA-1,0.099,2
TTGCGTCAGATCCTGT-1,0.1274,3.7
TTGCGTCAGCAAAGTT-1,0.099,2
TTGCGTCAGGTGATTA-1,0.103,2
TTGCGTCCAACGCTTA-1,0.0932,2
TTGCGTCCATCGCACG-1,0.1172,2
TTGCGTCTCACCGCGA-1,0.1736,2
TTGCGTCTCGTATCCC-1,0.074,2
TTGGAACCAAACCGAG-1,0.1012,2
TTGGAACCAGCATGTT-1,0.099,2
TTGGAACGTCGCAAGA-1,0.1512,3.6
TTGGAACGTGCAACCC-1,0.0828,2
TTGGAACGTGCATCTA-1,0.1458,3.55
TTGGAACGTGTAATGA-1,0.1562,2
TTGGAACTCGTTCGGG-1,0.087,2
TTGGCAAAGTGTACGG-1,0.0958,2
TTGGCAAGTCAAACTC-1,0.0854,2
TTGGCAATCATATCTC-1,0.0722,2
TTGTAGGCAACAGCCC-1,0.1468,2
TTGTAGGCACACGTGC-1,0.0864,2
TTGTAGGGTCACCGCA-1,0.1058,2
TTGTAGGTCGAGTATC-1,0.072,2
TTTACTGAGACGCACA-1,0.085,2
TTTACTGAGCGATCCC-1,0.0744,2
TTTACTGGTACTCACA-1,0.101,2
TTTACTGGTATTGAAG-1,0.0932,2
TTTACTGTCTTGGCCT-1,0.0822,2
TTTATGCAGACCTAGG-1,0.1358,2
TTTATGCAGGACCAGT-1,0.0784,2
TTTATGCAGGTCGGAT-1,0.0804,2
TTTATGCAGGTGACCA-1,0.0892,2
TTTATGCCACCTCCAT-1,0.084,2
TTTATGCCAGGGACTA-1,0.0728,2
TTTATGCTCACGCGAC-1,0.0878,2
TTTCCTCAGGTGTGCA-1,0.0752,2
TTTCCTCCAACATAAG-1,0.1128,2
TTTCCTCCACTCTTAT-1,0.1494,2
TTTCCTCTCCAAGGGA-1,0.0998,2
TTTGCGCCAACGCCGT-1,0.0804,2
TTTGCGCCACAATCAC-1,0.0692,2
TTTGCGCCACATAAAG-1,0.1772,1.95
TTTGCGCGTGCTATTG-1,0.141,1.95
TTTGGTTAGACTGGGT-1,0.1862,2
TTTGGTTAGTCTCGTA-1,0.1058,2
TTTGGTTCACTTCAGA-1,0.1004,2
TTTGGTTCATAGGACG-1,0.089,2
TTTGTCAAGCCAGTAG-1,0.1082,2
TTTGTCAGTAGATGCG-1,0.0758,2
TTTGTCATCATTGCTT-1,0.0782,2
TTTGTCATCGGCACCA-1,0.082,2
TTTGTCATCGTTCGAA-1,0.0852,2