,c_gini
AAACCTGAGAAGGACA-1,0.0842
AAACCTGCAATCCGTA-1,0.1488
AAACCTGCACATTGGT-1,0.0854
AAACCTGGTTCTTTGT-1,0.1372
AAACCTGTCATATCTC-1,0.0784
AAACCTGTCCTCGCTA-1,0.1334
AAACGGGAGCCCTAAT-1,0.1502
AAACGGGAGTGAACGC-1,0.1292
AAACGGGAGTGGGTAC-1,0.128
AAACGGGCACAGTGTT-1,0.144
AAACGGGGTATATGAG-1,0.1132
AAACGGGGTGACTGAG-1,0.1434
AAACGGGGTGATTTGC-1,0.1342
AAACGGGTCATCTTTG-1,0.1404
AAACGGGTCCTCTCAG-1,0.1326
AAAGATGCAACGCGTC-1,0.1042
AAAGATGTCCTCGCTA-1,0.0888
AAAGCAACAAATTCCG-1,0.1622
AAAGCAACATGCCGGT-1,0.1292
AAAGCAAGTCAAGTTC-1,0.1354
AAAGCAAGTGTCTGTA-1,0.1728
AAAGTAGAGCACGCCT-1,0.132
AAAGTAGAGGTATCGG-1,0.2364
AAAGTAGCAAATACGA-1,0.1022
AAAGTAGGTGGTACAG-1,0.145
AAAGTAGGTTGCTGAT-1,0.1302
AAAGTAGTCTACGTGA-1,0.1062
AAATGCCAGTTAGCGG-1,0.334
AAATGCCCAGCGATGA-1,0.174
AAATGCCCAGTCCGGT-1,0.13
AAATGCCTCGATAGTC-1,0.4448
AACACGTAGAAACCAT-1,0.1268
AACCATGAGTGACTCT-1,0.6744
AACCATGCAGAACAGC-1,0.1476
AACCATGCATTTCCAT-1,0.1114
AACCATGGTCACCGCA-1,0.0994
AACCATGGTGGTACAG-1,0.1708
AACCATGTCAGCGCGT-1,0.129
AACCATGTCGGTCACG-1,0.1326
AACCATGTCTCATCCG-1,0.0916
AACCGCGCATCATGGT-1,0.077
AACCGCGTCTCCTGGT-1,0.1518
AACGTTGAGGCCATAG-1,0.171
AACGTTGCATTTCGTT-1,0.1396
AACGTTGGTGTCTCAA-1,0.113
AACGTTGGTTGAACAA-1,0.1364
AACGTTGTCTCATCTA-1,0.0818
AACTCAGCAGGGAAGG-1,0.1442
AACTCAGTCAGAGTCT-1,0.1214
AACTCAGTCTGCCGTT-1,0.1274
AACTCCCAGTGATCGG-1,0.1342
AACTCTTAGGTGTAGC-1,0.0962
AACTCTTCAAATAGGT-1,0.133
AACTCTTGTTTAGCAC-1,0.1048
AACTCTTTCCGCTCTA-1,0.1132
AACTGGTAGCTAACTC-1,0.2052
AACTGGTCAAGACGAC-1,0.2072
AACTGGTCAGCGCCAT-1,0.074
AACTGGTCATTTCGTT-1,0.0936
AACTGGTGTACCACTA-1,0.5974
AACTGGTGTCGGGAAT-1,0.0884
AACTGGTGTGAGCTCC-1,0.1282
AACTGGTTCTGCACAA-1,0.135
AACTTTCAGAAACCCG-1,0.2028
AACTTTCAGTGGTAAT-1,0.161
AACTTTCGTATATGAG-1,0.1496
AAGACCTAGCGCGTCT-1,0.0858
AAGACCTAGTAGCCGA-1,0.1328
AAGACCTCAACGCGCT-1,0.1384
AAGACCTCAAGGTCGA-1,0.102
AAGACCTCATCTCACC-1,0.128
AAGACCTTCGTTCGAA-1,0.1468
AAGCCGCAGTTGTAGA-1,0.2072
AAGCCGCCAACATGGG-1,0.1402
AAGCCGCCACAGTGTT-1,0.1392
AAGCCGCGTGACGGTA-1,0.1504
AAGCCGCTCCCTAAGA-1,0.1484
AAGGAGCCAACAGTGG-1,0.1026
AAGGAGCCAAGGGATC-1,0.1332
AAGGAGCGTACGGTGA-1,0.1406
AAGGAGCTCAACTGCA-1,0.1286
AAGGAGCTCGACCATA-1,0.1652
AAGGAGCTCTAGACAC-1,0.0868
AAGGCAGCACGGCTGT-1,0.1804
AAGTCTGAGCGCGTCT-1,0.0878
AAGTCTGGTTATGCGT-1,0.103
AAGTCTGGTTCCACAA-1,0.165
AAGTCTGGTTCGATAC-1,0.0848
AAGTCTGTCAAGTTGC-1,0.1286
AAGTCTGTCCGAGATT-1,0.157
AATCCAGAGACCGATG-1,0.0882
AATCCAGAGCTAGTTC-1,0.1336
AATCCAGAGGATCGCA-1,0.1392
AATCCAGAGGATGTAT-1,0.1464
AATCCAGAGGTGCTAG-1,0.1372
AATCCAGCAACTTTCT-1,0.0916
AATCCAGGTGCACTTA-1,0.1092
AATCCAGTCTCCTGGT-1,0.1404
AATCGGTTCCAGACCG-1,0.133
AATCGGTTCTTTCGCG-1,0.1392
ACACCAAAGTTTAGGA-1,0.1494
ACACCAAGTCAAGTCT-1,0.1336
ACACCCTCAACCCAAT-1,0.1426
ACACCCTGTCGAGTAG-1,0.0872
ACACCCTTCAGCCCGA-1,0.1136
ACACCCTTCATTGGAC-1,0.1376
ACACCCTTCCAACCGG-1,0.1344
ACACCCTTCCACCGGA-1,0.1378
ACACCGGAGATCCCGC-1,0.1346
ACACCGGCAACATAAG-1,0.1514
ACACCGGCATTTGTGG-1,0.1428
ACACCGGGTGGCAAAC-1,0.149
ACACTGAAGCCGGTAA-1,0.1276
ACAGCTAAGAAAGCTT-1,0.1314
ACAGCTAAGTGAACAT-1,0.103
ACAGCTAGTACAAGAT-1,0.1458
ACATACGAGAGGTTAT-1,0.0942
ACATACGAGATTCACC-1,0.1282
ACATACGCACGACTAT-1,0.1392
ACATACGCATGAAAGT-1,0.1268
ACATCAGAGCAGTCTT-1,0.1272
ACATCAGGTACCATCA-1,0.1392
ACATCAGGTTGGAGCA-1,0.1364
ACATCAGTCAGCCTGG-1,0.1388
ACATCAGTCGCACAGC-1,0.0712
ACATCAGTCGGGAAAC-1,0.0806
ACATGGTCAACGACTT-1,0.1296
ACATGGTGTCGTCTTC-1,0.0988
ACCAGTAAGGCTAGAC-1,0.095
ACCAGTACAGGAGCAT-1,0.0712
ACCAGTATCACGATAC-1,0.0902
ACCAGTATCAGTGTGT-1,0.136
ACCCACTAGAGCTATA-1,0.1588
ACCCACTAGGATGTAT-1,0.135
ACCCACTAGTAGGTGC-1,0.1326
ACCCACTCAAGACGAC-1,0.1002
ACCCACTCATCTCGTC-1,0.1682
ACCGTAACAAGGTATA-1,0.1978
ACCGTAACAGATACCT-1,0.0726
ACCGTAAGTCATACCA-1,0.1372
ACCGTAAGTGCGAACA-1,0.1264
ACCGTAAGTGTGTTCA-1,0.1396
ACCTTTAAGAAGGTGA-1,0.1282
ACCTTTACAGAATTCC-1,0.1686
ACCTTTATCTACCGAA-1,0.1646
ACGAGCCGTTTGGCTA-1,0.0872
ACGATACAGCTGCGAA-1,0.1514
ACGATACAGGGTTCGA-1,0.135
ACGATACAGTCCAGGA-1,0.1548
ACGATACCAAATACGA-1,0.1472
ACGATACCACCTCCAT-1,0.1382
ACGATACCACTCACCT-1,0.1292
ACGATACGTTTGCCTC-1,0.101
ACGATGTAGGTGATTA-1,0.1364
ACGATGTGTAGATGTA-1,0.1566
ACGATGTGTCGATACT-1,0.1304
ACGCAGCCACTACGTA-1,0.1592
ACGCAGCCATACGGAG-1,0.11
ACGCAGCTCAGCATAC-1,0.087
ACGCCAGGTATTGAAG-1,0.14
ACGCCAGGTGATGTTC-1,0.136
ACGCCGACAGGGATCA-1,0.1302
ACGCCGAGTAGTTCTG-1,0.1492
ACGCCGAGTCTCTTTA-1,0.1406
ACGCCGAGTGCTTTCC-1,0.0878
ACGCCGATCTTCACGC-1,0.0852
ACGGAGAAGTAATCCC-1,0.0824
ACGGAGAGTCAAACTC-1,0.1326
ACGGAGAGTGTAATGA-1,0.155
ACGGAGATCGGAATGG-1,0.1092
ACGGCCACATATGTGC-1,0.1368
ACGGGCTAGAGTCCTT-1,0.1436
ACGGGCTCATGAGAAT-1,0.0958
ACGGGCTTCTGATGGT-1,0.1086
ACGGGTCAGACTAGAT-1,0.1556
ACGGGTCAGGATGCGT-1,0.6912
ACGGGTCAGGGATTTA-1,0.1298
ACGGGTCCAAGGTCGA-1,0.128
ACGGGTCCATACCAGT-1,0.0896
ACGGGTCGTAAGTGTA-1,0.1372
ACGTCAAAGGCTATCT-1,0.1368
ACGTCAAAGTGGCACA-1,0.1328
ACGTCAACAACCCAAT-1,0.0938
ACGTCAAGTAAGTGTA-1,0.135
ACGTCAAGTACCAAGG-1,0.1394
ACGTCAAGTCAAGCCC-1,0.135
ACTATCTCAAAGTGGC-1,0.0944
ACTATCTCACGGAGTA-1,0.1454
ACTATCTCATAGGACG-1,0.1424
ACTATCTTCCCAAGCG-1,0.165
ACTGAACAGGCCCGTT-1,0.0898
ACTGAACTCCACTCGT-1,0.1388
ACTGAGTCAAACGGGT-1,0.07
ACTGATGAGTGTGATA-1,0.1456
ACTGATGCAAGGTATA-1,0.1802
ACTGATGCAGAACCAG-1,0.1406
ACTGATGGTAGTTGGG-1,0.142
ACTGCTCGTGGCCTGT-1,0.1358
ACTGCTCTCGTACGCG-1,0.1492
ACTGTCCAGAATGTGT-1,0.13
ACTGTCCAGCTCAACT-1,0.1318
ACTGTCCAGGCGCTCT-1,0.1298
ACTTACTAGTGTGATA-1,0.5188
ACTTACTGTTACTGAC-1,0.0912
ACTTGTTCAAGGCCCT-1,0.1322
ACTTGTTCACAAGCTT-1,0.1194
ACTTGTTTCTTATGGG-1,0.1374
AGAATAGTCTGTATGG-1,0.1358
AGACGTTAGGCAGTCA-1,0.1396
AGACGTTAGTGAAGTT-1,0.1356
AGACGTTGTCGCGAAA-1,0.1096
AGACGTTTCGGAGTTT-1,0.153
AGAGCGAAGGCCCTCA-1,0.1316
AGAGCGAGTATACACC-1,0.072
AGAGCTTAGCAGAGAA-1,0.1424
AGAGCTTCAGTCGGAA-1,0.1502
AGAGCTTTCACGTAGT-1,0.1126
AGAGCTTTCTAGACAC-1,0.1346
AGAGTGGCATGGCTAT-1,0.1234
AGAGTGGTCAACTGAC-1,0.1272
AGAGTGGTCTCGAGCG-1,0.1148
AGATCTGAGCAGACTG-1,0.1232
AGATCTGAGCGTCAAG-1,0.1434
AGATCTGCACTGTATG-1,0.151
AGATCTGTCGGTGCAC-1,0.089
AGATTGCAGAAGGTTT-1,0.1336
AGATTGCAGAGCTGGT-1,0.1276
AGATTGCCAACAGCCC-1,0.1088
AGATTGCCAAGTCGGA-1,0.131
AGATTGCGTTTCGCAA-1,0.1418
AGCAGCCAGCCCGTGT-1,0.0974
AGCAGCCAGGGCTTGA-1,0.1526
AGCAGCCCAACACCGC-1,0.1268
AGCAGCCGTTGATCGT-1,0.1304
AGCAGCCTCGAGGTGA-1,0.1338
AGCCTAAGTACGGTGA-1,0.1392
AGCCTAAGTCTCTCTG-1,0.1046
AGCCTAAGTTCAGGTT-1,0.1278
AGCGGTCCATCGTCAA-1,0.1498
AGCGGTCGTTAAGATG-1,0.138
AGCGGTCTCCGCGACA-1,0.135
AGCGGTCTCGGTGCGT-1,0.0838
AGCGGTCTCGTTACCC-1,0.1334
AGCGTATAGACAAAGG-1,0.1376
AGCGTATAGTCGCCGT-1,0.1336
AGCGTATGTAGTAGTA-1,0.147
AGCGTATGTCGTGAAG-1,0.1444
AGCGTATTCTCCACAC-1,0.071
AGCGTCGAGACCGATG-1,0.187
AGCGTCGAGATTACCC-1,0.1722
AGCGTCGCACTTGCTC-1,0.1426
AGCGTCGTCTGGAGTT-1,0.1614
AGCTCCTAGCGTCAAG-1,0.1394
AGCTCCTAGTAGCGGT-1,0.1384
AGCTCCTCACATAAAG-1,0.1574
AGCTCCTGTTGGTGAG-1,0.1298
AGCTCTCGTCCGGTTG-1,0.1442
AGCTCTCTCTTCTTGA-1,0.163
AGCTTGACACAGAGCA-1,0.1346
AGCTTGAGTGTTTCAG-1,0.137
AGGCCACGTTTCCGAA-1,0.0932
AGGCCACTCTAGCCTC-1,0.134
AGGCCGTCACTTTCCG-1,0.1514
AGGGAGTTCTAAGACC-1,0.1312
AGGGATGAGGGCCATA-1,0.0886
AGGGATGGTACATGAA-1,0.1562
AGGGATGGTTTAGCAC-1,0.1274
AGGGTGAAGGCTAGTG-1,0.201
AGGGTGAGTGCTATTG-1,0.1658
AGGGTGATCGAACCCG-1,0.1422
AGGTCATAGGATCGCA-1,0.0976
AGGTCATCACTCTTAT-1,0.1658
AGGTCATCAGAGGCTA-1,0.134
AGGTCATTCAACTGAC-1,0.1366
AGGTCCGAGCGAACTG-1,0.1044
AGGTCCGCAGGCCGTT-1,0.1448
AGGTCCGCATAGGTCT-1,0.1358
AGGTCCGTCGTTACTT-1,0.1106
AGTAGTCAGAGTAATC-1,0.0772
AGTAGTCAGTGATCGG-1,0.0912
AGTAGTCCACGATCTA-1,0.142
AGTAGTCCATGCAGTT-1,0.0982
AGTAGTCCATTCCGAA-1,0.1512
AGTAGTCTCATTTGCT-1,0.1336
AGTAGTCTCGACAATC-1,0.0916
AGTAGTCTCTTGCGAA-1,0.1072
AGTCTTTCATACGGAG-1,0.1484
AGTCTTTTCAGGGACA-1,0.1296
AGTCTTTTCGTGAGGA-1,0.143
AGTGAGGCACGAGTTT-1,0.123
AGTGAGGTCCTACCTG-1,0.1494
AGTGGGACATGTAGCT-1,0.143
AGTGGGAGTCGTAATC-1,0.1374
AGTGGGAGTGACCTGC-1,0.1022
AGTGGGAGTTCTCTCG-1,0.1788
AGTGGGATCCTCGCTA-1,0.138
AGTGGGATCTGGTGGC-1,0.1622
AGTGTCAAGCTCAACT-1,0.0902
AGTGTCACAACATAAG-1,0.1518
AGTGTCAGTGCTTCGG-1,0.133
AGTGTCAGTTTAGGAA-1,0.1332
AGTGTCATCCAACGAT-1,0.0776
AGTTGGTGTGATGTGG-1,0.1434
AGTTGGTTCCGCGAGT-1,0.0958
AGTTGGTTCGCCCAGA-1,0.1102
ATAACGCCAAACGAGC-1,0.1304
ATAACGCCATAGTGGG-1,0.1484
ATAACGCGTACAAGGC-1,0.134
ATAAGAGCAAGGTATA-1,0.1088
ATAAGAGCATGAATGA-1,0.1422
ATAAGAGGTACGTAAA-1,0.1854
ATAAGAGGTTGACGGA-1,0.1388
ATAAGAGTCACCATCC-1,0.134
ATAAGAGTCATGTCAG-1,0.083
ATAAGAGTCTTCTAAC-1,0.1334
ATAGACCAGAGTAAGG-1,0.1432
ATAGACCGTAGATCCT-1,0.1336
ATAGACCGTGGCCTGT-1,0.1296
ATAGACCTCGACAACT-1,0.1308
ATAGACCTCTCCGGAG-1,0.2076
ATCACGAAGACCGATG-1,0.1346
ATCACGACAGAGGCAT-1,0.0572
ATCACGAGTCAAGTCT-1,0.1316
ATCACGAGTTCAGTGT-1,0.1286
ATCACGATCGCTCTGT-1,0.132
ATCATCTAGACTAGAT-1,0.1918
ATCATCTAGCACACAG-1,0.1426
ATCATCTAGCGGCTTC-1,0.1356
ATCATCTCAAGTGTTC-1,0.1234
ATCATCTCATTCAGTG-1,0.1716
ATCATCTGTAGTTGGG-1,0.147
ATCATGGAGGGTTTCT-1,0.131
ATCATGGCAGCCCGAT-1,0.0808
ATCATGGTCCACCGGA-1,0.13
ATCCACCAGCCCAACC-1,0.0846
ATCCACCAGCTATCAC-1,0.1352
ATCCACCCAGTAGGGT-1,0.0878
ATCCACCGTCCCACAG-1,0.143
ATCCGAATCGTATCCC-1,0.1348
ATCGAGTCAAAGTTAG-1,0.143
ATCTACTAGCCGGTAA-1,0.1348
ATCTACTAGGTGTAGC-1,0.0762
ATCTACTAGTCCCGAC-1,0.1356
ATCTACTAGTCTCGTA-1,0.1158
ATCTACTCAAGCAAGC-1,0.0796
ATCTGCCCAACTCGCG-1,0.1484
ATGAGGGGTCTTGCGG-1,0.1282
ATGAGGGTCAGTGCCG-1,0.1032
ATGAGGGTCCTACGAA-1,0.1542
ATGAGGGTCGTTATTC-1,0.1326
ATGCGATCACCGTCGA-1,0.147
ATGCGATGTCAGGTAG-1,0.1512
ATGCGATTCTATGCAG-1,0.102
ATGGGAGAGGCCATAG-1,0.15
ATGGGAGTCGACTTCC-1,0.0756
ATGGGAGTCTACACCC-1,0.1504
ATGTGTGAGCAGCGTA-1,0.1184
ATGTGTGAGCGTGAGT-1,0.132
ATGTGTGCACAGAAAT-1,0.1192
ATGTGTGCATTGCATG-1,0.1488
ATGTGTGGTAGGATAT-1,0.2256
ATGTGTGGTTCCCACT-1,0.6418
ATGTGTGTCGATAAGA-1,0.1152
ATGTGTGTCTTGCGGG-1,0.1042
ATTACTCCACCAATGT-1,0.1386
ATTACTCTCGAATGTC-1,0.1356
ATTATCCGTCAACCTA-1,0.1414
ATTCTACAGTCAAGGC-1,0.132
ATTCTACCACGTTTAG-1,0.1704
ATTCTACCAGCACACC-1,0.1254
ATTCTACGTTAAGATG-1,0.11
ATTCTACTCTACATGG-1,0.1626
ATTCTACTCTGCTAGA-1,0.1738
ATTGGACAGTATGACA-1,0.0854
ATTGGACGTCAAACTC-1,0.1254
ATTGGACGTCCGATGC-1,0.0838
ATTGGACGTGGGAAGG-1,0.145
ATTGGTGCAACGTCTA-1,0.0854
ATTGGTGCAAGTGCAG-1,0.1304
ATTGGTGCATATCGTG-1,0.1442
ATTTCTGAGTTTCTGG-1,0.091
ATTTCTGGTACTTGCA-1,0.1484
ATTTCTGTCGCGGCAT-1,0.135
ATTTCTGTCTAACGTG-1,0.1554
CAACCAAAGCACGCCT-1,0.262
CAACCAACATATGTGC-1,0.128
CAACCTCAGCTTCAGT-1,0.0862
CAAGAAAGTTGGGACA-1,0.0906
CAAGAAATCACGAGTT-1,0.1264
CAAGAAATCCCGCATT-1,0.165
CAAGAAATCCTCTGCA-1,0.1312
CAAGATCAGAATTGTG-1,0.1134
CAAGATCGTAGATCCT-1,0.1536
CAAGGCCAGAGGACGG-1,0.148
CAAGGCCAGTAGTGCG-1,0.132
CAAGGCCAGTTGTCGT-1,0.0818
CAAGGCCCACGTCGGT-1,0.1694
CAAGGCCCATCATGCA-1,0.0912
CAAGGCCGTTGGGACA-1,0.1382
CAAGGCCTCATTGTTC-1,0.128
CAAGTTGGTCTCGGTG-1,0.1066
CACAAACCATATCGCA-1,0.1166
CACAAACGTCATACCA-1,0.1308
CACAAACTCTGATCAG-1,0.0972
CACAAACTCTGGCCTT-1,0.1704
CACACAACAACCTAGT-1,0.135
CACACAACATGCGTGC-1,0.1344
CACACAAGTACGTCAT-1,0.1326
CACACAAGTCCTTGGG-1,0.1334
CACACAAGTTCTTTGT-1,0.1424
CACACAATCAAGAGGC-1,0.1
CACACCTAGAAGATTC-1,0.1346
CACACCTAGATAGCAT-1,0.1824
CACACCTAGCCAGTAG-1,0.103
CACACCTGTCGCGTAC-1,0.0836
CACACCTTCTGGGCAC-1,0.0972
CACACTCAGGCATGGT-1,0.0998
CACACTCGTGACCAAG-1,0.0942
CACAGGCTCATCGCGG-1,0.1342
CACAGTACAATGGCAG-1,0.136
CACAGTAGTAAGAAGG-1,0.1428
CACATAGAGACCCACC-1,0.0822
CACATAGGTATCTCTT-1,0.137
CACATAGTCTGCCGTT-1,0.1746
CACATTTAGGCTATCT-1,0.1294
CACATTTAGGTGCAAC-1,0.0702
CACATTTGTACTCCGG-1,0.1298
CACATTTGTGTCTGTA-1,0.1194
CACATTTTCAGTACCA-1,0.0956
CACCACTCAACCGCTG-1,0.1658
CACCAGGCATTACGCA-1,0.1442
CACCAGGTCTATTGCT-1,0.1302
CACCTTGAGGCTATCT-1,0.1388
CACCTTGAGGGATGGG-1,0.1368
CACCTTGCAGACACGA-1,0.1014
CACCTTGGTACCAGTT-1,0.107
CACTCCAAGAGACTAT-1,0.1182
CACTCCAAGGTGTGTG-1,0.1058
CACTCCACAAGAGACC-1,0.0998
CACTCCATCGGAGAAC-1,0.1268
CAGAATCCATTGAAGA-1,0.105
CAGAATCCATTGCATG-1,0.1498
CAGAGAGGTGATGTGG-1,0.1638
CAGAGAGTCGTACGCG-1,0.138
CAGAGAGTCGTGTGGC-1,0.1342
CAGATCAAGCGCGTCT-1,0.1366
CAGATCAAGGCTACGA-1,0.1464
CAGATCAAGTAATCCC-1,0.1092
CAGATCAAGTGTCTCA-1,0.1404
CAGATCAGTGTGCTTA-1,0.1344
CAGATCATCATGTCAG-1,0.1154
CAGCAGCAGATCTGAA-1,0.1298
CAGCAGCAGTTAGCGG-1,0.1568
CAGCAGCCAACAACTC-1,0.1304
CAGCAGCCATCCCAAA-1,0.0822
CAGCAGCTCATCGACA-1,0.1288
CAGCATAAGCAGCGTA-1,0.1448
CAGCATACAGATACCT-1,0.1224
CAGCATAGTAGTTGGG-1,0.1042
CAGCATAGTGGCCACT-1,0.076
CAGCCGAAGGAAACTT-1,0.0856
CAGCCGATCAGCAGCC-1,0.121
CAGCCGATCAGCGTCG-1,0.16
CAGCGACTCCGCTGGA-1,0.1078
CAGCGACTCTACGGCG-1,0.1478
CAGCTAAGTGCCATTA-1,0.1564
CAGCTGGAGAGCAATT-1,0.1072
CAGCTGGTCCGAGTCG-1,0.1406
CAGGTGCCAGGGCTTC-1,0.1028
CAGGTGCTCCAGGCGT-1,0.1058
CAGTAACAGGGTTCCC-1,0.1288
CAGTAACCAATGGCAG-1,0.141
CAGTAACCATGGCTAT-1,0.1268
CAGTAACGTACCGCTG-1,0.1664
CAGTCCTAGGCTACGA-1,0.1892
CAGTCCTCAACGGCTC-1,0.1362
CAGTCCTGTCGGAAGT-1,0.1256
CATATGGCAATTCACG-1,0.0884
CATATGGCACGACTAT-1,0.1002
CATATGGCATTCCGAA-1,0.0932
CATATTCAGGCCCACT-1,0.0746
CATATTCAGTCAAGCG-1,0.1358
CATATTCAGTGGGTAC-1,0.1258
CATATTCGTTCCGTCT-1,0.1314
CATATTCTCCTCTCAG-1,0.1456
CATATTCTCGCGAGAA-1,0.1022
CATCAAGAGGCTCTTA-1,0.1468
CATCAAGAGGTTCCTA-1,0.1194
CATCAAGTCTCCACAC-1,0.1314
CATCAGACAAACCCTA-1,0.0864
CATCAGAGTACATGAA-1,0.1462
CATCAGATCGGCTCAG-1,0.0846
CATCCACAGGGTAACC-1,0.1368
CATCCACAGTCGTACT-1,0.1154
CATCCACGTACGTAAA-1,0.1634
CATCCACTCCGGCTAG-1,0.1312
CATCGAAGTGGTACAG-1,0.1524
CATCGGGAGTCGCCGT-1,0.1286
CATCGGGCACTTGAGT-1,0.1292
CATCGGGTCGGGCTTG-1,0.112
CATCGGGTCGTATTGG-1,0.1378
CATGACAAGAAACCAT-1,0.1378
CATGACAAGCCAGTTT-1,0.1304
CATGACAAGTCACGCC-1,0.1458
CATGACATCATCACTT-1,0.1022
CATGCCTAGATCCGAG-1,0.16
CATGGCGAGACGTCGA-1,0.1036
CATGGCGAGCCAACAG-1,0.1484
CATGGCGAGTTTAGGA-1,0.1404
CATGGCGCACACCTAA-1,0.1358
CATGGCGCACAGCCAC-1,0.1294
CATGGCGGTCTTCACC-1,0.0864
CATGGCGTCATGGGCC-1,0.1346
CATGGCGTCTAACACG-1,0.0968
CATTATCCAAGCTATC-1,0.0852
CATTATCCAGAGGTCA-1,0.2532
CATTATCCAGATACCT-1,0.1254
CATTATCCATGACTCA-1,0.1476
CATTATCGTACTCGTA-1,0.1538
CATTATCGTCACCTGG-1,0.1438
CATTATCGTCTAGCGC-1,0.1096
CATTATCTCGCTATGA-1,0.1132
CATTATCTCTAGCAGT-1,0.1508
CATTCGCAGATATGCA-1,0.1294
CATTCGCCACCCGTTT-1,0.1342
CATTCGCCATCTGTAG-1,0.1198
CATTCGCGTCATGGCC-1,0.484
CATTCGCTCAGCATAC-1,0.0984
CATTCGCTCATCGACA-1,0.1294
CATTCGCTCATTCGCC-1,0.098
CATTCGCTCCGCCTTA-1,0.135
CATTCGCTCTCGAGCG-1,0.1604
CCAATCCAGCCAAACG-1,0.1424
CCAATCCAGCTGAACG-1,0.1062
CCAATCCGTATCTCTT-1,0.1474
CCACCTACATACCAGT-1,0.135
CCACCTAGTAAACAGT-1,0.1018
CCACCTAGTGGCAAAC-1,0.1546
CCACGGACAAGCATGG-1,0.1332
CCACGGACACCACGCA-1,0.1474
CCACGGACAGGGAAGG-1,0.1416
CCACGGACAGTGCTGC-1,0.132
CCACGGAGTCAGTTTG-1,0.1404
CCACGGAGTTGAGCAG-1,0.1146
CCACGGATCCTTCGTG-1,0.1136
CCACTACAGCGTCAAG-1,0.098
CCACTACAGTACGACG-1,0.135
CCACTACCAACGCGTC-1,0.1102
CCACTACCAGACGAAC-1,0.1016
CCACTACTCTCGGTTC-1,0.154
CCAGCGACATCCTGGG-1,0.1372
CCAGCGAGTGGTCAGA-1,0.1218
CCAGCGATCGACTTCC-1,0.1316
CCATGTCTCATTGTTC-1,0.1274
CCATTCGGTCACATGT-1,0.2178
CCATTCGGTTGACGGA-1,0.1112
CCATTCGTCACTGCGG-1,0.1376
CCATTCGTCCCACAAA-1,0.1474
CCCAATCAGGCATTTC-1,0.0852
CCCAATCCACCGAACC-1,0.146
CCCAATCCACGGAGTA-1,0.124
CCCAATCGTCATTACG-1,0.114
CCCAGTTCAGGATCCC-1,0.0868
CCCAGTTGTAACTGTC-1,0.094
CCCAGTTTCAGGTGAG-1,0.144
CCCATACAGAGATGAG-1,0.145
CCCATACCAAGTGACG-1,0.1344
CCCATACCAGAGGCTA-1,0.0918
CCCATACGTACCTCGG-1,0.1362
CCCTCCTAGCTTTCAG-1,0.1476
CCCTCCTTCCGTACCT-1,0.1348
CCCTCCTTCGCCCAGA-1,0.0988
CCGGGATAGAGTTGGC-1,0.0938
CCGTACTGTGCTTTCC-1,0.1358
CCGTACTGTGTTCCGG-1,0.1438
CCGTACTTCCGTAATG-1,0.1476
CCGTGGACAACGACAG-1,0.1428
CCGTGGAGTTGGTGAG-1,0.166
CCGTGGATCATCTCCG-1,0.1412
CCGTGGATCCACAGCG-1,0.143
CCGTGGATCCGATACA-1,0.0994
CCGTGGATCGCGGCAT-1,0.1246
CCGTTCATCACACTAG-1,0.1152
CCGTTCATCACTTTAC-1,0.1484
CCTAAAGAGATCACTC-1,0.0796
CCTAAAGCATCCCAAA-1,0.1612
CCTAAAGGTTCCGTCT-1,0.1642
CCTAAAGTCTACAAGC-1,0.1372
CCTACACCAGGTCTGC-1,0.0956
CCTACACTCTCCTGGT-1,0.0974
CCTACCACATCAAGAA-1,0.1634
CCTACCATCCACCTTG-1,0.1182
CCTACCATCGCTCTGT-1,0.1298
CCTAGCTGTCATGCTA-1,0.0852
CCTAGCTTCGGTGCAC-1,0.1274
CCTATTAAGAAACCTA-1,0.1376
CCTATTAAGGACCACA-1,0.139
CCTATTAAGGGTGTGT-1,0.1406
CCTATTAGTGCCTGGT-1,0.1302
CCTATTATCGTCCCTA-1,0.142
CCTCAGTAGTAGATCA-1,0.097
CCTCAGTGTAATGACA-1,0.4646
CCTCAGTGTATAAGTG-1,0.1548
CCTCAGTGTGGACGTA-1,0.147
CCTCTGAAGAGCCACA-1,0.1404
CCTCTGAAGAGCCCAA-1,0.128
CCTTACGAGGAGCGTT-1,0.1306
CCTTACGCAGAGATCG-1,0.1438
CCTTACGTCCAACAAC-1,0.1262
CCTTACGTCCAGACCG-1,0.1448
CCTTACGTCGTCCCTA-1,0.1334
CCTTCCCAGGAGTACC-1,0.1192
CCTTCCCAGTAGTGCG-1,0.0858
CCTTCCCCACATCTAG-1,0.1492
CCTTCCCGTCCGATGC-1,0.1598
CCTTCGACAAGACTTC-1,0.1338
CCTTCGACACTCTGGG-1,0.1394
CCTTCGAGTAACCGAG-1,0.1446
CCTTTCTCACTAAGGG-1,0.1606
CCTTTCTTCTAGAACC-1,0.0962
CGAACATAGTAGCGGT-1,0.1252
CGAACATCACGTCGGT-1,0.1308
CGAACATTCTATTGCT-1,0.1312
CGAATGTCATACAGAA-1,0.1626
CGAATGTGTTCCACAA-1,0.1396
CGACCTTAGCTAGCCC-1,0.134
CGACCTTAGGCCCTCA-1,0.1294
CGACCTTAGGGTCGAT-1,0.1306
CGACCTTAGTGTATCC-1,0.0958
CGACCTTCAGATTGTC-1,0.0838
CGACCTTCATGAGACG-1,0.1446
CGACCTTTCAACGATC-1,0.0972
CGACCTTTCAAGTGCT-1,0.0924
CGACCTTTCGGGTCAC-1,0.1262
CGACTTCCATGACCGC-1,0.104
CGACTTCGTACGTCAT-1,0.156
CGACTTCGTGGTAAGC-1,0.1332
CGAGAAGAGATCTGCT-1,0.133
CGAGAAGAGCCCGTGT-1,0.1414
CGAGAAGAGTTTCTGG-1,0.1466
CGAGAAGGTGTAAAGT-1,0.189
CGAGAAGTCGTGAGGA-1,0.1064
CGAGCCACAACAGCCC-1,0.1308
CGAGCCACACGTACAT-1,0.1354
CGAGCCATCAGATGTC-1,0.1384
CGAGCCATCGGGTCCA-1,0.078
CGATCGGCAACTCACA-1,0.1086
CGATCGGCAATAGGAT-1,0.1418
CGATCGGCACGATCTA-1,0.135
CGATCGGCAGCATGTT-1,0.162
CGATCGGGTTCCGTCT-1,0.0944
CGATCGGTCCCACGGA-1,0.1356
CGATGGCCAGAATTCC-1,0.0944
CGATGGCGTACCAAGG-1,0.136
CGATGTACATTGGTCA-1,0.0808
CGATGTAGTCGTCTTC-1,0.0954
CGATGTAGTTACGGCC-1,0.1326
CGATTGAAGACTCGGA-1,0.1274
CGATTGAAGCGCGTCT-1,0.1852
CGATTGACACTGGCCA-1,0.1326
CGATTGAGTGGATAAT-1,0.1382
CGATTGATCCGTATTT-1,0.1488
CGATTGATCCGTTAAG-1,0.1592
CGATTGATCCTTGAAG-1,0.0944
CGATTGATCGCCAACG-1,0.1334
CGCCAAGAGCATGGCA-1,0.1032
CGCCAAGCAGGACCAA-1,0.1338
CGCCAAGGTACCGTCG-1,0.1436
CGCCAAGGTACGTGCC-1,0.0836
CGCGGTAAGAATTGTG-1,0.206
CGCGGTACACGAGCTC-1,0.128
CGCGGTACATCAGGGA-1,0.1398
CGCGGTACATCTCACC-1,0.132
CGCGGTACATGTAGCT-1,0.1412
CGCGGTAGTTCTCTCG-1,0.1394
CGCGGTATCGACTTCC-1,0.128
CGCGTTTGTAACTAAG-1,0.1054
CGCGTTTGTCTCGGTG-1,0.1058
CGCGTTTTCAGGACTT-1,0.1288
CGCGTTTTCCGTACCT-1,0.1334
CGCGTTTTCGAGCGTC-1,0.162
CGCTATCCAGCGTACC-1,0.0784
CGCTATCCAGTCCCTT-1,0.1272
CGCTATCGTACAAGAT-1,0.1416
CGCTATCTCAAGAAAC-1,0.1316
CGCTGGAAGTACGACG-1,0.1014
CGCTGGAAGTGATCGG-1,0.1292
CGCTGGACATTTGTGG-1,0.1392
CGCTGGAGTCACCGCA-1,0.1502
CGCTGGATCGGAGAAC-1,0.1324
CGCTGGATCGTGCTAA-1,0.1472
CGCTTCAAGTGGTTAA-1,0.1014
CGCTTCACAACGACTT-1,0.1456
CGCTTCACACGAGTTT-1,0.1484
CGCTTCAGTCCCACAG-1,0.2028
CGCTTCAGTGATACCT-1,0.1256
CGGACACTCATGTCAG-1,0.1436
CGGACGTTCGCGCACA-1,0.1498
CGGACGTTCGTTCAAG-1,0.1112
CGGACTGAGTACGTAA-1,0.1216
CGGACTGGTGCTCGAC-1,0.1302
CGGACTGTCGCTCTGT-1,0.1374
CGGAGCTAGCTGCGAA-1,0.1694
CGGAGCTCATTCTTGT-1,0.1444
CGGAGCTGTGTAGTTC-1,0.1306
CGGAGCTGTTGAACTC-1,0.7456
CGGAGTCAGGCATGGT-1,0.083
CGGAGTCAGTCCGTAT-1,0.176
CGGCTAGGTAGTCTGT-1,0.0788
CGGCTAGGTGGTAAGC-1,0.1276
CGGCTAGTCACGTTAG-1,0.1546
CGGGTCAAGAGACGAA-1,0.1362
CGGGTCAAGTTGTAGA-1,0.1622
CGGGTCACAGACTCCG-1,0.1412
CGGGTCACAGCTTGAT-1,0.1334
CGGGTCAGTCCCGACA-1,0.1386
CGGGTCAGTCGTCTTC-1,0.1346
CGGTTAAAGCGGCTTC-1,0.1304
CGGTTAACATTCAGTG-1,0.1756
CGGTTAAGTCGTAATC-1,0.0942
CGTAGCGAGTGTGATA-1,0.0974
CGTAGCGCAAAGTGGC-1,0.1328
CGTAGCGCAACTCATG-1,0.1388
CGTAGCGCAATGTAGA-1,0.2234
CGTAGCGCATTTCTTG-1,0.1496
CGTAGCGGTAGGCTGA-1,0.1436
CGTAGCGTCATTCGCC-1,0.146
CGTAGGCAGGAATGGA-1,0.1522
CGTAGGCAGGTTCCTA-1,0.1324
CGTAGGCCAGTGAATA-1,0.1162
CGTAGGCCATCTGTAG-1,0.1506
CGTAGGCTCCGCTCTA-1,0.1442
CGTCACTAGAATGGGA-1,0.0972
CGTCACTCAGAGATCG-1,0.139
CGTCACTCATCATGCA-1,0.1028
CGTCACTTCCAGGCGT-1,0.1516
CGTCACTTCCCAGAAT-1,0.145
CGTCACTTCGGAGTTT-1,0.165
CGTCACTTCGTTCAAG-1,0.1352
CGTCAGGAGACTGTAA-1,0.1432
CGTCAGGTCGTGTGGC-1,0.0904
CGTCCATCAACTTTCT-1,0.1376
CGTCCATCAGATTGTC-1,0.0894
CGTCTACCAGCCAGTC-1,0.0984
CGTCTACTCGAAAGGC-1,0.0852
CGTGAGCGTACGTAAA-1,0.1916
CGTGAGCTCGGTAAGG-1,0.1018
CGTGTAACAGGTACGA-1,0.16
CGTGTAACAGTTGCCG-1,0.1556
CGTGTAAGTTGATCTG-1,0.1404
CGTGTAATCTATGGTG-1,0.1574
CGTGTCTAGACAGTTA-1,0.1638
CGTTAGACATCGCATA-1,0.1354
CGTTAGATCATCAGCA-1,0.1386
CGTTAGATCTATTGCT-1,0.1002
CGTTAGATCTGTATGG-1,0.143
CGTTCTGGTTGACCCG-1,0.1072
CGTTCTGTCCACCTTG-1,0.146
CGTTCTGTCCTGCACT-1,0.1302
CGTTCTGTCGAACAAA-1,0.1438
CGTTCTGTCGAGGAGT-1,0.0832
CGTTGGGAGCGCTCAC-1,0.0926
CGTTGGGGTTGATCGT-1,0.126
CTAACTTAGCTGAACG-1,0.1362
CTAACTTCAATAACAG-1,0.1234
CTAAGACCACATTGGT-1,0.161
CTAAGACCACCTGCAG-1,0.154
CTAAGACCATTACAGC-1,0.1752
CTAAGACGTGGCAAAC-1,0.13
CTAAGACGTGGTCAGA-1,0.1008
CTAAGACTCACTATGG-1,0.113
CTAAGACTCAGTTCTT-1,0.1466
CTAAGACTCTGGTCCT-1,0.5838
CTAATGGAGTGGGTAC-1,0.1302
CTAATGGCATGCCATA-1,0.1412
CTAATGGCATTCCGAA-1,0.159
CTAATGGGTAGTGGCA-1,0.1348
CTAATGGTCCACTGCT-1,0.1318
CTAATGGTCGTGTCAA-1,0.0904
CTAATGGTCTCGAATG-1,0.143
CTACACCCAGTGCTTA-1,0.0982
CTACACCGTGACCCAC-1,0.1366
CTACACCTCGTAGGGA-1,0.131
CTACATTAGATACACA-1,0.1386
CTACATTCAACGCCGT-1,0.1318
CTACATTCACCTCCAT-1,0.1262
CTACATTGTTTGGCTA-1,0.1342
CTACATTTCAGTGAAA-1,0.1454
CTACATTTCTTGTTAC-1,0.0946
CTACCCAAGACTAGGC-1,0.1394
CTACCCAAGTGTACCT-1,0.1316
CTACCCACAGAGGCTA-1,0.1946
CTACCCACAGCGCCAT-1,0.0804
CTACCCAGTAGTTGGG-1,0.1368
CTACCCAGTCAACCTA-1,0.1336
CTACCCATCTCCCTAG-1,0.097
CTACGTCAGGTGTAGC-1,0.139
CTACGTCGTCCGGTGT-1,0.1074
CTACGTCGTGGACGTA-1,0.1432
CTAGCCTAGCTGCACC-1,0.1266
CTAGCCTAGGTGTGGT-1,0.1242
CTAGCCTCACCCGTTT-1,0.0944
CTAGCCTCACGTCGGT-1,0.1434
CTAGCCTGTCAGTGGA-1,0.13
CTAGCCTGTCGGCATC-1,0.0812
CTAGCCTTCGTTCGTC-1,0.0802
CTAGTGAAGCTGGTCC-1,0.1372
CTAGTGACACGAGCTC-1,0.1408
CTCACACCATGTTGCA-1,0.0908
CTCAGAAAGGATGTAT-1,0.1454
CTCAGAACACTCACCT-1,0.1344
CTCAGAACAGCATGTT-1,0.1608
CTCAGAACATCAAGAA-1,0.1452
CTCAGAACATGATGCT-1,0.134
CTCATTACACTTGCTC-1,0.1406
CTCATTACATTACTTC-1,0.0972
CTCATTATCTGCTAGA-1,0.162
CTCCTAGAGTGGTTAA-1,0.1122
CTCCTAGTCCCGAATA-1,0.1496
CTCCTAGTCGCAGCAC-1,0.0786
CTCGAAAAGGTGATTA-1,0.1494
CTCGAAAAGTCCCACG-1,0.1316
CTCGAAAGTTGCACTA-1,0.1384
CTCGAAATCATGCGCG-1,0.1092
CTCGAAATCTACGGGC-1,0.0882
CTCGAAATCTGTGGCG-1,0.1352
CTCGAGGGTTCCACAA-1,0.1416
CTCGAGGTCAGAGTCT-1,0.0786
CTCGAGGTCTCAGATG-1,0.1498
CTCGGAGAGTCCCGAC-1,0.1334
CTCGGAGCAACGCTTA-1,0.1296
CTCGGAGGTACGGTGA-1,0.1426
CTCGGGAAGATACACA-1,0.0826
CTCGGGACAACCTGAT-1,0.1404
CTCGGGACATACGGTT-1,0.0928
CTCGGGAGTGTAATGA-1,0.1868
CTCGGGAGTTCAAGAA-1,0.1452
CTCGTACAGAGCTGCA-1,0.1402
CTCGTACAGGCTCATT-1,0.1294
CTCGTACCACGAGATG-1,0.1098
CTCGTCAAGTTACGGG-1,0.1462
CTCGTCATCCGATACA-1,0.1376
CTCGTCATCCGTTCAC-1,0.1304
CTCGTCATCCTCAGCT-1,0.084
CTCTAATAGCGATTAA-1,0.1106
CTCTAATAGCGTGTGA-1,0.1422
CTCTAATAGCTGAACG-1,0.0976
CTCTAATCATAGGACG-1,0.1366
CTCTAATCATTACTTC-1,0.1078
CTCTAATGTAGACCAG-1,0.1326
CTCTAATTCCTGATTT-1,0.1406
CTCTACGGTCATACCA-1,0.1464
CTCTACGTCGCCCAGA-1,0.108
CTCTACGTCTACAAGC-1,0.1308
CTCTGGTCACGCTGAC-1,0.5264
CTCTGGTGTCAAGTCT-1,0.1164
CTGAAACCACTTGTTT-1,0.137
CTGAAACCATCCATCC-1,0.0926
CTGAAACGTTGATCTG-1,0.1276
CTGAAACTCCCAAGCG-1,0.1642
CTGAAGTCAGAGCTCC-1,0.1428
CTGAAGTCATCGCATA-1,0.1586
CTGAAGTCATGAGAAT-1,0.2564
CTGAAGTGTCGAGTAG-1,0.1262
CTGAAGTGTTGCTGAT-1,0.0972
CTGAAGTTCGAAAGGC-1,0.268
CTGAAGTTCTAACACG-1,0.1646
CTGATAGAGTCAAGCG-1,0.1638
CTGATAGTCTGTCGAA-1,0.1366
CTGATCCAGGGAAACA-1,0.0898
CTGATCCTCCTGAAGT-1,0.128
CTGCCTAAGAGCCCAA-1,0.1376
CTGCCTACATTGAAAG-1,0.1618
CTGCCTATCCTACTCG-1,0.3562
CTGCGGAAGAATGGGA-1,0.144
CTGCGGACACGCACCA-1,0.0972
CTGCGGACACTAACTG-1,0.1858
CTGCGGAGTCTAGGTT-1,0.149
CTGCGGAGTGTTCGAT-1,0.1362
CTGCGGATCCGTTCAC-1,0.1284
CTGCTGTAGGCCGAAT-1,0.138
CTGCTGTCACCCGTGA-1,0.1438
CTGCTGTGTCCAAGTT-1,0.1002
CTGCTGTGTGGGAAGG-1,0.1032
CTGGTCTAGATCCTGT-1,0.1708
CTGGTCTTCACACGTA-1,0.1192
CTGTGCTAGCCAGTTT-1,0.145
CTGTGCTAGCTAGTGG-1,0.1452
CTGTGCTCAACGGGAT-1,0.1304
CTGTGCTGTCTACATG-1,0.1724
CTGTGCTTCATGACCA-1,0.0916
CTGTTTAAGCCGTCGT-1,0.084
CTGTTTACAGCCCATG-1,0.1564
CTGTTTATCGACCATA-1,0.1314
CTGTTTATCGGTCACG-1,0.1322
CTTAACTAGGCTACGA-1,0.1456
CTTAACTAGTTTCCTT-1,0.138
CTTAACTGTGCTTAGT-1,0.1396
CTTAACTTCCTACGAA-1,0.0992
CTTAACTTCTCCGGAG-1,0.147
CTTACCGCATCTTTCA-1,0.1394
CTTACCGTCCAACGAT-1,0.0908
CTTAGGAAGAGGGATA-1,0.1
CTTAGGACACGGAGTA-1,0.136
CTTCTCTAGGCAAAGA-1,0.1374
CTTCTCTAGTGTCCAT-1,0.1068
CTTCTCTCAAGCACGA-1,0.149
CTTCTCTCAATGGTAA-1,0.111
CTTCTCTTCATGTCAG-1,0.0966
CTTCTCTTCGAGCACC-1,0.0948
CTTCTCTTCGTTACCC-1,0.0932
CTTCTCTTCTAGCTAG-1,0.116
CTTGGCTCACTTGAGT-1,0.0954
CTTTGCGAGTGGAGAA-1,0.1358
CTTTGCGCACTACGTA-1,0.177
GAAACTCAGAGTAGCC-1,0.1368
GAAACTCGTCTCGGTG-1,0.1478
GAAATGAAGTATGACA-1,0.0842
GAAATGAAGTCCGGTC-1,0.141
GAAATGAAGTGAAGTT-1,0.114
GAAATGACATGCAGTT-1,0.1328
GAAATGATCCTGAAAC-1,0.1488
GAAATGATCGTGCTAA-1,0.1366
GAAATGATCTCCCTAG-1,0.0944
GAACATCAGCTGAAAT-1,0.1452
GAACATCAGTGGGTTG-1,0.0994
GAACATCCAGACTTGT-1,0.134
GAACATCTCCGCTGAG-1,0.139
GAACGGACAATGGGAC-1,0.166
GAACGGACACTCATGA-1,0.1636
GAACGGAGTGGAAGGG-1,0.1386
GAAGCAGCAGACGAGT-1,0.1178
GAAGCAGGTCTGCCAG-1,0.1302
GAAGCAGTCGACCCTT-1,0.1074
GAAGCAGTCTCCACGT-1,0.0846
GAATAAGAGAGCTGGT-1,0.1364
GAATAAGAGCGATATA-1,0.1216
GAATAAGCAAGTGACG-1,0.1272
GAATAAGGTACCATCA-1,0.1138
GAATGAAAGCTAGGCA-1,0.0938
GAATGAAAGGACACCA-1,0.1342
GAATGAAAGGTGCTAG-1,0.1286
GAATGAAGTGCAAACG-1,0.1706
GAATGAAGTTAAAGGT-1,0.0944
GACACGCCATTTAGGC-1,0.149
GACACGCGTGCAACCC-1,0.1266
GACACGCTCGTTCAAG-1,0.1354
GACAGAGAGCGTTGCC-1,0.1342
GACAGAGGTCATGGCC-1,0.127
GACCAATCATTGAAAG-1,0.1412
GACCAATGTACATGAA-1,0.1748
GACGCGTTCACACCTC-1,0.076
GACGCGTTCTTGGATG-1,0.1028
GACGGCTAGCGCGATA-1,0.1444
GACGGCTAGGCAGTCA-1,0.078
GACGGCTCATATCGCA-1,0.1342
GACGGCTGTCAAACTC-1,0.1428
GACGGCTGTCGCAAGA-1,0.1604
GACGGCTGTCGGAAGT-1,0.1316
GACGTGCAGGTGACCA-1,0.1458
GACGTTAAGAATGTGT-1,0.0886
GACGTTAAGCAGACTG-1,0.1292
GACGTTACACAATGTC-1,0.1474
GACGTTAGTCTCTTTA-1,0.182
GACGTTAGTTGAGCAG-1,0.0982
GACGTTATCTCAGTTT-1,0.152
GACTAACAGACTTGAA-1,0.1104
GACTAACGTAACTGTC-1,0.1358
GACTAACGTAAGATGT-1,0.1196
GACTAACGTTTGTCTT-1,0.1206
GACTAACTCCTGCACT-1,0.1328
GACTACAAGATGTCTC-1,0.069
GACTACAAGCGCGATA-1,0.143
GACTACAAGTTGTCGT-1,0.1294
GACTACACATCCGGCA-1,0.0952
GACTACAGTCCGATGC-1,0.1286
GACTACAGTGCATCTA-1,0.087
GACTACATCAATAGGA-1,0.1108
GACTACATCTAACGTG-1,0.1504
GACTGCGGTACCGTGC-1,0.1312
GACTGCGGTAGGGTGT-1,0.079
GACTGCGGTATTGAAG-1,0.1438
GAGCAGATCTCATCTA-1,0.1316
GAGGTGACAACAACTC-1,0.0934
GAGGTGACACAATCAC-1,0.1362
GAGGTGAGTAATCAGA-1,0.1032
GAGTCCGAGCCCAGCT-1,0.097
GAGTCCGAGCTAAACA-1,0.1542
GAGTCCGAGGGATACC-1,0.1308
GAGTCCGAGTCTCGTA-1,0.2036
GAGTCCGGTACCGTGC-1,0.1576
GAGTCCGTCTTCTAAC-1,0.1424
GATCAGTAGGAATGGA-1,0.0852
GATCAGTAGGACACCA-1,0.1304
GATCAGTGTAACTAAG-1,0.1374
GATCAGTGTACATGAA-1,0.1788
GATCGCGAGCCGGTAA-1,0.137
GATCGCGAGCTAGTGG-1,0.1108
GATCGCGAGTTAGGGC-1,0.091
GATCGCGCATGGGCCT-1,0.135
GATCGCGGTGCCTACG-1,0.0928
GATCGTACACTAACTG-1,0.126
GATCGTACATAGACAA-1,0.1546
GATCGTAGTACTCACA-1,0.1408
GATCGTAGTCCAGCCA-1,0.0954
GATCGTATCACACGTA-1,0.1596
GATCTAGCACGTGGCT-1,0.134
GATCTAGTCACGATAC-1,0.1002
GATCTAGTCCTTATTG-1,0.1858
GATGAAAAGACTAGGC-1,0.0794
GATGAAAAGAGACTAT-1,0.0962
GATGAAAAGCGTGAGT-1,0.0878
GATGAAAGTACAGGAC-1,0.1586
GATGAAATCGAGTATC-1,0.0842
GATGAAATCTAGACAC-1,0.0832
GATGAGGAGTTGGCTT-1,0.137
GATGAGGGTAAGCGCA-1,0.1396
GATGAGGGTGGCCTGT-1,0.1224
GATGAGGTCCACTTCG-1,0.1202
GATGAGGTCGGGCTCA-1,0.1668
GATGCTAAGAGACTTA-1,0.0788
GATGCTAAGCACGCCT-1,0.0906
GATGCTAAGTTTAGGA-1,0.1474
GATGCTACAAGAATCA-1,0.1424
GATGCTACATGCAGTT-1,0.1344
GATGCTAGTGGTACAG-1,0.095
GATGCTATCTACAGCA-1,0.1176
GATTCAGGTCATTACG-1,0.0992
GATTCAGGTCCATGAT-1,0.1396
GATTCAGGTGCCTACG-1,0.1292
GATTCAGGTGTGATCT-1,0.0916
GATTCAGTCCTCAGTC-1,0.1312
GCAAACTAGGTGTGGT-1,0.069
GCAAACTGTCTCTCTG-1,0.1032
GCAAACTTCAGTAAAG-1,0.1124
GCAATCAAGTAGGCCA-1,0.1248
GCAATCAAGTGTGATA-1,0.0784
GCAATCAGTTAGTGAA-1,0.1026
GCAATCATCTCGTCTG-1,0.1292
GCACATACAACACTTG-1,0.1528
GCACTCTAGTGCCATT-1,0.133
GCACTCTCATTCTTCA-1,0.1342
GCACTCTGTTAAACGA-1,0.0898
GCACTCTTCCAAAGAA-1,0.1076
GCAGCCAAGGATGCGT-1,0.1122
GCAGCCAAGTGAAGTT-1,0.1438
GCAGCCACACGCACGT-1,0.1274
GCAGCCACATAGTGAA-1,0.0982
GCAGCCAGTCGTGAAG-1,0.1194
GCAGCCATCGCGGACT-1,0.1268
GCAGTTAAGGGTGTGT-1,0.0736
GCAGTTACATCCATAG-1,0.1124
GCAGTTACATGACCGC-1,0.1608
GCATACACAACAGAGC-1,0.0788
GCATACACATACGTTG-1,0.1248
GCATACACATGAGGCA-1,0.1324
GCATACAGTGGTTCTA-1,0.085
GCATGATCAACAGAGC-1,0.1274
GCATGATGTAGGATAT-1,0.105
GCATGCGCACAACTTG-1,0.133
GCATGCGTCCACTAAG-1,0.121
GCATGCGTCGCGATGC-1,0.1354
GCATGTACATTATCGG-1,0.0898
GCATGTAGTCAGTTTG-1,0.1432
GCATGTAGTCTAGCGC-1,0.0956
GCCAAATAGAATGTGT-1,0.1322
GCCAAATCACCAATAC-1,0.1406
GCCAAATCACTCATGA-1,0.1508
GCCAAATCATCGGCGT-1,0.264
GCCAAATGTTCAGGTT-1,0.1408
GCCAAATTCAACAGCT-1,0.1388
GCCAAATTCGTGTACA-1,0.1488
GCCAAATTCTCCACAC-1,0.1292
GCCTCTATCGTGAGGA-1,0.1368
GCGACCAAGACACGAC-1,0.1388
GCGACCATCTCAGTTT-1,0.139
GCGAGAACAGACACGA-1,0.1394
GCGAGAAGTTATCCGA-1,0.1064
GCGCAACAGGCATTCT-1,0.1318
GCGCAACGTGTGATCT-1,0.131
GCGCAACTCAACTGAC-1,0.0764
GCGCAACTCACACCTC-1,0.0916
GCGCAGTAGCTTAGAA-1,0.159
GCGCAGTAGGTAAACT-1,0.0892
GCGCCAACAACTGGAG-1,0.1376
GCGCCAATCACTATGG-1,0.1154
GCGCGATCACACGTGC-1,0.1062
GCGCGATGTTACGCGC-1,0.0928
GCGGGTTAGTCGACTT-1,0.1416
GCGGGTTCACGAGCTC-1,0.1522
GCGGGTTCACGTATGT-1,0.109
GCGGGTTCAGACTCCG-1,0.136
GCGGGTTCAGATCCCG-1,0.1272
GCGGGTTCAGGGCTTC-1,0.1298
GCGGGTTGTAGGGACT-1,0.1258
GCTCTGTAGCATGAGC-1,0.1302
GCTCTGTCACACCTAA-1,0.1564
GCTCTGTCACCAAAGG-1,0.1394
GCTCTGTTCAGACACT-1,0.135
GCTCTGTTCCGAGATT-1,0.1674
GCTCTGTTCTGGAGTT-1,0.137
GCTGCAGCAATGGCAG-1,0.1332
GCTGCAGCAGCTATGT-1,0.1472
GCTGCAGCAGGGAAGG-1,0.1454
GCTGCAGGTAAACAGT-1,0.157
GCTGCAGTCCGTAATG-1,0.1512
GCTGCGAAGGGTGTTG-1,0.107
GCTGCGACACTCACCT-1,0.1448
GCTGCGATCACTGCGG-1,0.091
GCTGCGATCCGCGACA-1,0.1774
GCTGCGATCTCGGTTC-1,0.1284
GCTGCTTCATCGGCGT-1,0.1282
GCTGCTTGTAAGAAGG-1,0.161
GCTGCTTTCGCTAGTA-1,0.156
GCTGGGTCATCATGCA-1,0.1432
GCTGGGTTCTCGAATG-1,0.1076
GCTTCCAAGAGCTGCA-1,0.1318
GCTTCCACAAATGATG-1,0.1516
GCTTCCAGTGTCGCTG-1,0.0994
GCTTCCAGTTGCGGCT-1,0.0882
GCTTCCATCTATTGCT-1,0.1434
GCTTGAAGTATATGAG-1,0.1484
GCTTGAAGTGTAGTTC-1,0.1412
GCTTGAAGTTAAGCCT-1,0.1304
GCTTGAATCATTTGCT-1,0.1278
GGAAAGCAGGTGACCA-1,0.14
GGAACTTAGAAACCTA-1,0.1032
GGAACTTAGCAGTACG-1,0.122
GGAACTTCAATCGCGC-1,0.137
GGAACTTGTCCGATGC-1,0.0906
GGAACTTGTGCACACC-1,0.1346
GGAACTTTCGACAATC-1,0.1564
GGAATAAAGACCTTTG-1,0.1306
GGAATAAGTCGAGTAG-1,0.1394
GGACAAGAGGATGTCG-1,0.142
GGACAAGAGTGAAGTT-1,0.1124
GGACAAGCACCTCCAT-1,0.0924
GGACAGAGTACCTTGA-1,0.1484
GGACAGAGTTCGTAAC-1,0.089
GGACAGATCCGAGTCG-1,0.1626
GGACATTAGCCGGTAA-1,0.1468
GGACATTTCCTCTCAG-1,0.1346
GGACGTCCAGGCCGTT-1,0.142
GGACGTCCAGGGAAGG-1,0.1362
GGACGTCCATAGGACG-1,0.149
GGACGTCGTTGTCACA-1,0.1358
GGACGTCTCTAGCAGT-1,0.11
GGAGCAACATTTAGGC-1,0.1344
GGATGTTAGAGCTATA-1,0.1478
GGATGTTCACGGAATG-1,0.1032
GGATTACTCCAACAAC-1,0.0986
GGATTACTCCTACCCA-1,0.0908
GGATTACTCTAACACG-1,0.135
GGCAATTAGTCGTCCG-1,0.1532
GGCAATTAGTGGTAGC-1,0.129
GGCAATTCATAGAGGC-1,0.1376
GGCAATTCATTGTCTT-1,0.1116
GGCAATTGTAGAATAC-1,0.1366
GGCCGATAGTTACGGG-1,0.0968
GGCCGATCAAGCTACT-1,0.13
GGCCGATGTACTGTTG-1,0.1068
GGCCGATGTTTGGCGC-1,0.139
GGCGACTAGAATGGGA-1,0.1456
GGCGTGTCACGTATGT-1,0.1432
GGCGTGTTCACACTAG-1,0.1418
GGCGTGTTCAGTACAC-1,0.125
GGCTCGAAGCTTTGGT-1,0.1296
GGCTCGACACACTCGG-1,0.1604
GGCTCGAGTACCTTGA-1,0.1516
GGCTCGAGTTTCGCAA-1,0.0958
GGCTCGATCCCGTTGT-1,0.1492
GGCTGGTAGTGAACAT-1,0.0956
GGCTGGTAGTGCGTGA-1,0.1432
GGCTGGTCAACATAGA-1,0.1486
GGCTGGTCACCCTCTA-1,0.1394
GGCTGGTCACTTGTTT-1,0.1418
GGCTGGTTCATCACTT-1,0.1338
GGGAATGAGACCTTTG-1,0.1472
GGGAATGAGCTCCTTC-1,0.3202
GGGAATGCAGTGAATA-1,0.0944
GGGACCTGTAAACAGT-1,0.1334
GGGACCTGTCATCTGA-1,0.1602
GGGACCTTCCAGTCTC-1,0.088
GGGACCTTCGTAAGGG-1,0.1242
GGGAGATCATGGGCCT-1,0.1048
GGGATGAAGGACTGGT-1,0.13
GGGATGACATAGTGGG-1,0.1328
GGGATGACATTCAGTG-1,0.1666
GGGCACTAGAGCCACA-1,0.1736
GGGCACTAGCCTGATT-1,0.094
GGGCACTAGGACGAAA-1,0.0768
GGGCACTAGGCAGGTT-1,0.1426
GGGCACTGTCGCCAAC-1,0.1348
GGGCACTTCACGTATG-1,0.1494
GGGCACTTCTTGTCCG-1,0.1264
GGGCATCAGTGATTGA-1,0.474
GGGCATCCAAATCGCT-1,0.1138
GGGCATCCATCGGGCT-1,0.131
GGGCATCGTCAAGTTC-1,0.1578
GGGTCTGAGTGCTGCC-1,0.0874
GGGTCTGCAAACCCTA-1,0.1396
GGGTCTGGTGCATCTA-1,0.1392
GGGTCTGGTTCGAGCC-1,0.0894
GGGTCTGTCATTTCGT-1,0.1282
GGGTCTGTCGTTCGGG-1,0.1372
GGGTTGCAGCAGATCG-1,0.1364
GGGTTGCAGCAGGCTA-1,0.1292
GGGTTGCAGTAGGCCA-1,0.1334
GGGTTGCTCTGGTGGC-1,0.1332
GGTATTGAGTACAGTA-1,0.1494
GGTATTGCATAGGGCA-1,0.1028
GGTATTGCATTCCGAA-1,0.1322
GGTATTGGTAAGGTGC-1,0.1628
GGTATTGGTAAGTGTA-1,0.1682
GGTATTGTCCAAAGAA-1,0.1476
GGTATTGTCCTGATTT-1,0.1448
GGTATTGTCTGTTGTT-1,0.0948
GGTGAAGAGACTGTAA-1,0.1134
GGTGAAGAGATCTGCT-1,0.1366
GGTGAAGCACGCGATC-1,0.0898
GGTGAAGCACTCCGAG-1,0.1278
GGTGAAGGTACAAGAT-1,0.0996
GGTGAAGGTCTCTCGT-1,0.3248
GGTGAAGGTCTTCGTC-1,0.1326
GGTGAAGGTTGGTGAG-1,0.1408
GGTGAAGGTTTCGCAA-1,0.0872
GGTGAAGTCTCTAGTT-1,0.1384
GGTGCGTTCCAGGAAG-1,0.1406
GGTGCGTTCTCGGAAT-1,0.16
GGTGCGTTCTGGATCA-1,0.1392
GGTGTTAAGTTTCCTT-1,0.1514
GGTGTTACAACTAGTC-1,0.1404
GGTGTTAGTAATATGG-1,0.1558
GTAACGTCAAACGGGT-1,0.1388
GTAACGTCATAGTGAA-1,0.1384
GTAACGTGTACGGTGA-1,0.1054
GTAACGTTCACCAGCG-1,0.2198
GTAACGTTCGGTAAGG-1,0.1464
GTAACTGCATGCCATA-1,0.145
GTAACTGTCACGATAC-1,0.14
GTACGTAAGCAGACTG-1,0.1444
GTACGTAAGTACGCGA-1,0.1672
GTACGTAAGTGTCCAT-1,0.1242
GTACGTAGTCAAGCAG-1,0.143
GTACGTAGTCGACGCT-1,0.1396
GTACGTAGTGTCCGAC-1,0.1336
GTACTCCCACGTGGCT-1,0.1288
GTACTCCCAGAACCAG-1,0.1034
GTACTTTGTAGAACAT-1,0.1308
GTACTTTGTGCAAACG-1,0.086
GTACTTTTCAGAGTCT-1,0.0994
GTACTTTTCAGCCTGG-1,0.1094
GTACTTTTCCCGCATT-1,0.6908
GTACTTTTCCGGTTCT-1,0.101
GTAGGCCCATCTAAGC-1,0.174
GTAGGCCGTGTAAAGT-1,0.1414
GTAGGCCTCGTAGGGA-1,0.1294
GTAGTCACAACGTTTG-1,0.1512
GTAGTCACACGTCATA-1,0.1326
GTAGTCACATTGGTCA-1,0.13
GTATCTTAGTACAGTA-1,0.1072
GTATCTTCAGGTGCAA-1,0.1408
GTATCTTGTGCGAAAC-1,0.1416
GTATTCTCAAGGCGTA-1,0.1598
GTATTCTCACCCACAG-1,0.1912
GTATTCTCAGAAAGCC-1,0.1408
GTATTCTGTACCGCTG-1,0.1086
GTATTCTGTCATTACG-1,0.0894
GTATTCTGTTGTAGCT-1,0.0818
GTATTCTTCAACAGTC-1,0.0958
GTCAAGTAGCCTAACT-1,0.1356
GTCAAGTGTAACGCGA-1,0.1302
GTCAAGTGTTATCGGT-1,0.0934
GTCACAACACTTGAGT-1,0.13
GTCACAACAGCTCATA-1,0.1664
GTCACAACAGGCCGTT-1,0.0982
GTCATTTCAAGGTCGA-1,0.0816
GTCCTCAAGAAGGACA-1,0.1394
GTCCTCAAGAGGTACC-1,0.075
GTCCTCAAGTCGTCCG-1,0.1352
GTCGGGTGTCAAAGCG-1,0.1566
GTCGGGTTCGCGATGC-1,0.1376
GTCGTAAGTATCTCTT-1,0.122
GTCGTAAGTCCGGGTT-1,0.1124
GTCTCGTAGAGCCACA-1,0.1092
GTCTCGTGTCAATTCG-1,0.097
GTCTCGTTCTGGTCCT-1,0.1394
GTCTCGTTCTGTCGAA-1,0.1416
GTCTTCGAGAGACTTA-1,0.147
GTCTTCGAGATAGCAT-1,0.2556
GTCTTCGGTCAACATC-1,0.13
GTCTTCGGTCCTCGGA-1,0.1386
GTGAAGGAGGGTTCCC-1,0.0878
GTGAAGGGTCCAAGTT-1,0.1334
GTGCAGCAGGAGTTTA-1,0.1304
GTGCAGCAGTGTTAGA-1,0.1616
GTGCATAGTAGGTTTC-1,0.132
GTGCATATCGGGCTTG-1,0.0986
GTGCATATCTCATGTT-1,0.1444
GTGCATATCTGCTAGA-1,0.1192
GTGCGGTAGAGTAATC-1,0.132
GTGCGGTAGCCTGATT-1,0.1408
GTGCGGTAGTACGCGA-1,0.095
GTGCGGTAGTGTGATA-1,0.096
GTGCGGTCAACCCAAT-1,0.1234
GTGCGGTTCCGCACGA-1,0.1618
GTGCTTCAGGTAGCCA-1,0.1348
GTGCTTCCAAGGTGAC-1,0.1272
GTGCTTCCAATAGGAT-1,0.0806
GTGCTTCGTGCAACCC-1,0.1338
GTGCTTCTCGGAAGAC-1,0.1332
GTGGGTCTCGAGCGTC-1,0.1678
GTGGGTCTCTTGCTTA-1,0.126
GTGTGCGAGTGGGTTG-1,0.1352
GTGTGCGCAACAGTGG-1,0.2546
GTGTGCGGTACTAGGG-1,0.1444
GTGTTAGAGACTGGGT-1,0.09
GTGTTAGTCAGAGCGA-1,0.1408
GTGTTAGTCAGTACCA-1,0.1338
GTGTTAGTCATTGTTC-1,0.1252
GTTAAGCAGATCACTC-1,0.2268
GTTAAGCGTCATCCAA-1,0.149
GTTAAGCGTCTCGGCA-1,0.1482
GTTACAGAGGCAGTCA-1,0.1266
GTTACAGCATGTATGC-1,0.1476
GTTACAGGTCGCAAGA-1,0.1268
GTTCATTAGAATGTGT-1,0.1288
GTTCATTTCTAGACAC-1,0.1262
GTTCGGGAGAGAACAG-1,0.093
GTTCGGGAGGCTAGAC-1,0.144
GTTCGGGAGGCTATCT-1,0.1598
GTTCGGGAGTCCATAC-1,0.1336
GTTCGGGCATTGAAGA-1,0.1822
GTTCTCGAGCAGACTG-1,0.1496
GTTCTCGCAGTCGGAA-1,0.1086
GTTTCTAGTACAATAG-1,0.1438
GTTTCTAGTCCGCAGT-1,0.072
TAAACCGAGGCTACGA-1,0.1438
TAAACCGCAACGTTTG-1,0.144
TAAACCGGTCGCGTCA-1,0.1418
TAAACCGGTGCTCTGG-1,0.1396
TAAACCGTCTACGGAT-1,0.1306
TAAGAGACAACCTAGT-1,0.141
TAAGAGACACAAGGAC-1,0.1378
TAAGAGACACAATGTC-1,0.1734
TAAGAGACAGCCCGAT-1,0.087
TAAGAGAGTGAGCTCC-1,0.1452
TAAGAGAGTTATCGGT-1,0.1304
TAAGAGAGTTGTTCAG-1,0.1016
TAAGAGATCACAGCCG-1,0.1618
TAAGAGATCGCGGACT-1,0.0822
TAAGCGTCACCTATGA-1,0.1508
TAAGCGTCATCCTGGG-1,0.107
TAAGTGCAGCTAGTGG-1,0.1506
TAAGTGCGTCCGGTGT-1,0.1526
TAAGTGCGTGTGTTCA-1,0.1344
TAAGTGCTCCTCATCG-1,0.0998
TACACGACACTTGCTC-1,0.087
TACACGACATTACAGC-1,0.091
TACACGATCGGAATGG-1,0.1968
TACACGATCTGGGATT-1,0.0954
TACAGTGCAAGTAAGT-1,0.0918
TACAGTGCAGCTTGAT-1,0.135
TACAGTGGTAGTGACG-1,0.1014
TACAGTGGTCGCAAGA-1,0.109
TACAGTGTCGATACAC-1,0.1294
TACCTATAGAGGCAAA-1,0.1378
TACCTATGTAATCAGA-1,0.1316
TACCTATGTCATGGCC-1,0.1398
TACCTATTCCTGATTT-1,0.1344
TACCTATTCGCTATTT-1,0.1158
TACCTATTCTATTGCT-1,0.129
TACCTTACACTGCGCA-1,0.139
TACCTTACAGGTCTGC-1,0.0844
TACCTTATCACTCATT-1,0.1402
TACCTTATCATCAGCA-1,0.1314
TACGGATAGTGTTTGC-1,0.132
TACGGATGTCTAGGTT-1,0.0934
TACGGGCCAAGTGCAG-1,0.098
TACGGGCCATGTATGC-1,0.1398
TACGGTAAGTGATCGG-1,0.1312
TACGGTAGTTGAACTC-1,0.13
TACGGTATCGTTAGGT-1,0.0896
TACTCATAGGACAGTC-1,0.1316
TACTCATAGTGGTTAA-1,0.1516
TACTCATTCAGTGCCG-1,0.1568
TACTCATTCGTTACCC-1,0.1306
TACTCGCAGTCTCGGC-1,0.1438
TACTCGCCAACATAGA-1,0.1526
TACTCGCCACCAATAC-1,0.149
TACTCGCCACGTGCGT-1,0.1332
TACTTACAGCAAATCA-1,0.1414
TACTTACAGTCTCGGC-1,0.1376
TACTTACCAACGCGCT-1,0.0902
TACTTACCACCCGTGA-1,0.1512
TACTTACCAGACTCCG-1,0.1038
TACTTACGTAGGATAT-1,0.1404
TACTTACGTTCCATGA-1,0.1452
TACTTACTCTGGTGGC-1,0.1334
TACTTGTAGGCTAGAC-1,0.143
TACTTGTCACGGAATG-1,0.1624
TACTTGTGTACTTGCA-1,0.1272
TAGACCAGTCGGGAAT-1,0.1518
TAGACCAGTGCACACC-1,0.103
TAGACCATCTGCTACC-1,0.1262
TAGAGCTAGAAACCTA-1,0.0946
TAGAGCTAGCAGACTG-1,0.1044
TAGAGCTTCAGCCCGA-1,0.1454
TAGAGCTTCTTGCGAA-1,0.1376
TAGCCGGAGAATGTGT-1,0.1336
TAGCCGGAGCCCGTGT-1,0.0826
TAGCCGGAGCTACCTA-1,0.163
TAGGCATCAACGCTTA-1,0.1378
TAGGCATGTCAGCCGT-1,0.1304
TAGGCATGTGATTGGG-1,0.1352
TAGGCATTCTGGAGTT-1,0.0732
TAGTGGTAGCGTGAGT-1,0.1296
TAGTGGTAGTGATGAT-1,0.1466
TAGTGGTGTAGATGTA-1,0.108
TAGTGGTTCTCAGATG-1,0.1572
TAGTTGGAGAGAACAG-1,0.1428
TAGTTGGAGCTAGCCC-1,0.1318
TAGTTGGAGCTTTGGT-1,0.1376
TAGTTGGCACGTTTAG-1,0.1394
TAGTTGGCAGAAAGCC-1,0.1522
TAGTTGGTCCAACAAC-1,0.147
TATCAGGGTGTCGCTG-1,0.1432
TATCAGGGTTTGTCAG-1,0.1304
TATCAGGTCTCCTGGT-1,0.0716
TATCTCAAGGGATGGG-1,0.1474
TATCTCAGTCAACCGC-1,0.1322
TATCTCATCCGAAGGA-1,0.1594
TATGCCCAGGCCCTTG-1,0.1604
TATGCCCGTCCTTGGG-1,0.0982
TATGCCCGTCGCCAAC-1,0.1328
TATGCCCGTGATTGGG-1,0.1992
TATGCCCTCCAACGTA-1,0.1428
TATTACCGTACCAGCC-1,0.0974
TATTACCTCGTCCCTA-1,0.2004
TATTACCTCTGAAGGG-1,0.1406
TCAACGAAGATTACCC-1,0.1352
TCAACGACATACAGAA-1,0.138
TCAACGAGTCAGCCGT-1,0.0826
TCAACGAGTCTCGGTG-1,0.1152
TCAACGATCGACAATC-1,0.0904
TCAATCTTCTATGGTG-1,0.1064
TCACAAGAGCGAGAAA-1,0.1756
TCACAAGCAACGTTTG-1,0.1394
TCACGAACACCTATGA-1,0.1704
TCACGAACAGTCCGGT-1,0.5812
TCACGAAGTGTGACAG-1,0.14
TCACGAATCGTTACTT-1,0.1348
TCACGAATCTCAGTTT-1,0.1202
TCAGATGAGCGCGATA-1,0.1346
TCAGCAACATCTGTAG-1,0.1268
TCAGCAAGTCGGATGA-1,0.0972
TCAGCAATCACGTTAG-1,0.1118
TCAGCAATCGGAGAAC-1,0.1288
TCAGCAATCGGGCTCA-1,0.1326
TCAGCTCAGGACAGAA-1,0.1036
TCAGCTCCAGAACCAG-1,0.2182
TCAGCTCTCACACTAG-1,0.1504
TCAGCTCTCGTGCCTT-1,0.132
TCAGCTCTCTAATGGC-1,0.7514
TCAGGATAGAACAATC-1,0.132
TCAGGATAGACCCACC-1,0.129
TCAGGATAGGCATTGG-1,0.139
TCAGGATAGTCCGGTC-1,0.1346
TCAGGATGTTATGTGC-1,0.0774
TCAGGATGTTCAAGGG-1,0.1482
TCAGGATTCATGTGAC-1,0.127
TCAGGTAAGCCCAATT-1,0.131
TCAGGTATCTCCATGC-1,0.1314
TCATTACAGACTGGCA-1,0.1354
TCATTACTCACTGCGG-1,0.1332
TCATTTGAGTGACATA-1,0.1534
TCATTTGCATCTTTCA-1,0.1762
TCATTTGCATGTTGCA-1,0.0726
TCCACACGTTTGCCTC-1,0.0784
TCCCGATAGCGGATCA-1,0.1356
TCCCGATAGGGCTTCC-1,0.0828
TCCCGATGTTATCGGT-1,0.1156
TCCCGATTCTGGGACC-1,0.1266
TCGAGGCAGTGGGATC-1,0.1356
TCGAGGCCAATGGCAG-1,0.1108
TCGAGGCTCTAGCAGT-1,0.1324
TCGAGGCTCTCAGTTT-1,0.1416
TCGAGGCTCTGAAGTC-1,0.0912
TCGCGAGCATCCATCC-1,0.1086
TCGCGTTCAACGTTTG-1,0.1402
TCGCGTTTCAGGACTT-1,0.1362
TCGCGTTTCGAACAAA-1,0.1538
TCGGGACAGCTGAACG-1,0.1352
TCGGGACAGGGTCGAT-1,0.1422
TCGGGACCATAGGACG-1,0.1108
TCGGGACGTAGCGTCC-1,0.137
TCGGGACGTAGTGGCA-1,0.132
TCGGGACTCAAGACAA-1,0.1014
TCGGTAAAGACTTCCA-1,0.0882
TCGGTAAAGGATATAC-1,0.097
TCGGTAACATCCATAG-1,0.1616
TCGTACCAGCAACGGT-1,0.1566
TCGTACCCATCACTGA-1,0.1548
TCGTACCGTAACAGCG-1,0.1458
TCGTAGAAGAATGTTG-1,0.1326
TCGTAGAAGCGCGTCT-1,0.148
TCGTAGACATCATGCA-1,0.0964
TCGTAGATCAGATGTC-1,0.1956
TCGTAGATCCTGATTT-1,0.1
TCGTAGATCGAACAAA-1,0.1558
TCTATTGGTTCCACAA-1,0.159
TCTCATAAGGAGCGAG-1,0.1648
TCTCATACACACCTAA-1,0.1752
TCTCATAGTGCTTTCC-1,0.1318
TCTCTAAAGCAGCGTA-1,0.0872
TCTCTAAAGTAGGTGC-1,0.1402
TCTCTAACACATTCAG-1,0.0882
TCTCTAAGTACCATCA-1,0.1812
TCTCTAAGTCCAAGTT-1,0.0994
TCTGAGACAAACGGGT-1,0.1262
TCTGAGACAACTACTG-1,0.1462
TCTGAGACAAGGTATA-1,0.1368
TCTGAGACAGATATCC-1,0.0826
TCTGAGAGTCATACTG-1,0.1486
TCTGAGAGTGGCCTGT-1,0.1278
TCTGGAACATCTCGAA-1,0.1262
TCTGGAATCACGCTCT-1,0.1344
TCTGGAATCTCCACGT-1,0.1022
TCTTCGGAGAGAGCTC-1,0.0852
TCTTCGGGTTAGTCAC-1,0.1288
TCTTTCCAGAAACGCC-1,0.136
TCTTTCCAGGGATGGG-1,0.1346
TCTTTCCTCAGATTCG-1,0.1384
TGAAAGAAGCGGATCA-1,0.1274
TGAAAGAGTCCATGAT-1,0.1494
TGACAACCACTTGAGT-1,0.093
TGACAACGTGCGCTTG-1,0.1432
TGACAACTCATTTGCT-1,0.0786
TGACAACTCGATGGTT-1,0.1492
TGACGGCAGTTGGCTT-1,0.1346
TGACGGCCAACTAGTC-1,0.1592
TGACGGCCAAGTGCAG-1,0.1332
TGACGGCTCCACTGCT-1,0.1896
TGACTAGCAGAATTCC-1,0.1412
TGACTAGTCACGCGAC-1,0.1352
TGACTTTAGTGCTGCC-1,0.142
TGACTTTGTTGAAGGC-1,0.1326
TGAGAGGAGCTGTTCA-1,0.0818
TGAGAGGAGGCTACGA-1,0.1384
TGAGAGGAGGGTTTCT-1,0.128
TGAGAGGAGTCAAGGC-1,0.1354
TGAGAGGTCTCCACGT-1,0.0866
TGAGCATCATGGGCCT-1,0.1594
TGAGCATCATTTGTGG-1,0.1014
TGAGCATGTCGGAAGT-1,0.1574
TGAGCATGTTCTTCGC-1,0.1306
TGAGCCGAGAGAGCTC-1,0.0854
TGAGCCGAGGCATGGT-1,0.129
TGAGCCGAGGCTAGAC-1,0.1292
TGAGCCGAGTTTGGCT-1,0.129
TGAGCCGTCCTCAGCT-1,0.1304
TGAGCCGTCTCGTGGG-1,0.0906
TGAGGGACACTCACCT-1,0.1406
TGAGGGATCCAGACCG-1,0.1474
TGAGGGATCGCGGCAT-1,0.1412
TGATTTCGTCCAGTGC-1,0.0982
TGCACCTGTAACTTCG-1,0.1386
TGCCAAAAGTGATGGC-1,0.11
TGCCAAACATAACTCG-1,0.121
TGCCAAAGTTGATCGT-1,0.1276
TGCCCATCAAGAGAGA-1,0.1336
TGCCCATGTACGTAAA-1,0.176
TGCGCAGAGAGATGAG-1,0.1652
TGCGCAGCATCGCACG-1,0.1418
TGCGCAGTCGTGAGGA-1,0.145
TGCGCAGTCTGCTGAA-1,0.0996
TGCGGGTAGGCCCGTT-1,0.1296
TGCGGGTCAGACGAAC-1,0.0688
TGCGGGTCATCCGGCA-1,0.1298
TGCGGGTGTTTCCGAA-1,0.1004
TGCGTGGTCAAGACAA-1,0.0934
TGCTACCCAACCGGAA-1,0.147
TGCTACCCAATTCACG-1,0.086
TGCTACCCACCCGTTT-1,0.1378
TGCTACCCATAGTGAA-1,0.1068
TGCTACCGTCACCTGG-1,0.111
TGCTACCGTGGTCAAG-1,0.2826
TGCTACCTCCAACCGG-1,0.091
TGCTACCTCCAAGGGA-1,0.0934
TGCTGCTAGTTGTCGT-1,0.1364
TGCTGCTGTAGGGTGT-1,0.07
TGCTGCTGTCCAAGTT-1,0.1304
TGCTGCTGTGTGAAAT-1,0.1394
TGGACGCAGTTTCCTT-1,0.097
TGGACGCGTATGTACC-1,0.1424
TGGACGCGTGGTCAGA-1,0.2378
TGGCCAGAGATCCTGT-1,0.1266
TGGCCAGAGGCTCAGA-1,0.1336
TGGCCAGAGTGAACAT-1,0.1376
TGGCCAGCATCTCACC-1,0.124
TGGCCAGTCAACTGCA-1,0.1466
TGGCGCAAGAACAATC-1,0.1304
TGGCGCAAGGCAAAGA-1,0.1712
TGGCGCACACAAGGAC-1,0.135
TGGCGCACACGTACAT-1,0.101
TGGCGCAGTTTACTCT-1,0.1388
TGGCGCATCCGAAGGA-1,0.1556
TGGCGCATCCGTACCT-1,0.0976
TGGCTGGAGTTGTCGT-1,0.1068
TGGCTGGCAACTCGCG-1,0.1568
TGGCTGGCAAGGTATA-1,0.1176
TGGCTGGTCCACTAAG-1,0.0904
TGGCTGGTCCTGATTT-1,0.1382
TGGGAAGGTGACATGG-1,0.1156
TGGGAAGGTTGTTCAG-1,0.1006
TGGGCGTAGTCCCACG-1,0.134
TGGGCGTCAACCTGGC-1,0.654
TGGGCGTGTAAAGTCA-1,0.146
TGGGCGTTCGTTAGGT-1,0.0904
TGGGCGTTCTTCACGC-1,0.1624
TGGTTAGGTCATCTGA-1,0.1448
TGGTTAGTCGAAAGGC-1,0.079
TGGTTAGTCGGATGCC-1,0.133
TGGTTAGTCTGGCCTT-1,0.1332
TGGTTCCGTGATTACC-1,0.1268
TGGTTCCTCACGCTCT-1,0.088
TGGTTCCTCGTAAGGG-1,0.135
TGTATTCGTACCATCA-1,0.134
TGTATTCTCACACTAG-1,0.4392
TGTATTCTCGGAGAGT-1,0.1246
TGTCCCAAGCGATGAC-1,0.1274
TGTCCCACATCTCAAG-1,0.1362
TGTCCCATCCTTCGCA-1,0.1366
TGTCCCATCGACCATA-1,0.1372
TGTCCCATCTAGAACC-1,0.129
TGTGGTACAGAGGCTA-1,0.1626
TGTGGTACAGTGAAAT-1,0.1374
TGTGGTAGTAGCTAAA-1,0.1648
TGTGGTAGTGTCCGAC-1,0.0982
TGTGGTAGTTAACCTG-1,0.1418
TGTGGTAGTTCGCGTG-1,0.0888
TGTTCCGAGTGGTAAT-1,0.1238
TTAACTCCATGACTCA-1,0.133
TTAACTCGTAAGTGTA-1,0.1444
TTAGGACGTAATGACA-1,0.1254
TTAGGACGTTACTGAC-1,0.1094
TTAGGCAAGAGTAATC-1,0.1456
TTAGGCACAAATCAGA-1,0.0962
TTAGGCACAAGGTCGA-1,0.1084
TTAGTTCAGACCCACC-1,0.1376
TTAGTTCAGTGGCACA-1,0.138
TTAGTTCCAACGTTTG-1,0.1342
TTAGTTCGTCGGCATC-1,0.1582
TTAGTTCTCATTTCGT-1,0.1356
TTAGTTCTCCCAAGCG-1,0.1046
TTATGCTAGATACACA-1,0.1304
TTATGCTGTTCCCACT-1,0.0824
TTATGCTTCACGTAGT-1,0.1478
TTATGCTTCAGCCTGG-1,0.1474
TTATGCTTCCCTTATA-1,0.1572
TTATGCTTCTATGCAG-1,0.1054
TTCCCAGGTGTGTATC-1,0.0902
TTCCCAGTCAACTGCA-1,0.109
TTCGAAGAGCTAAACA-1,0.0978
TTCGAAGCAAGGTATA-1,0.1364
TTCGAAGGTACCACTA-1,0.1148
TTCGGTCGTAATATGG-1,0.1534
TTCTACAGTTCTAGAC-1,0.1544
TTCTCAAAGAGCCACA-1,0.0812
TTCTCCTCAACAGTGG-1,0.1532
TTCTCCTCACACGCAC-1,0.092
TTCTCCTCACCACACG-1,0.0984
TTCTCCTCATACAGAA-1,0.1522
TTCTCCTCATACGGAG-1,0.0954
TTCTCCTGTACCAGTT-1,0.1452
TTCTCCTGTCTCTTTA-1,0.2336
TTCTCCTTCCTGCGTT-1,0.1804
TTCTTAGAGTTTGCGT-1,0.139
TTCTTAGCACTCCGAG-1,0.1474
TTGAACGAGACAGGCT-1,0.0916
TTGAACGAGGCGCTCT-1,0.1432
TTGACTTCAAATAGGT-1,0.1264
TTGACTTCATGTTGCA-1,0.139
TTGACTTGTGATGTGG-1,0.1166
TTGACTTGTTTCCGAA-1,0.092
TTGCCGTAGATATACG-1,0.1278
TTGCCGTAGATCCGAG-1,0.131
TTGCCGTAGGAGTACC-1,0.1362
TTGCGTCAGTTAGGTA-1,0.1064
TTGCGTCCAATTGAAG-1,0.1424
TTGCGTCCACAAGGAC-1,0.0834
TTGCGTCGTTGCTGAT-1,0.1778
TTGCGTCTCGGGAAAC-1,0.1338
TTGGAACAGAAGGCCT-1,0.0792
TTGGAACCACCAAAGG-1,0.1658
TTGGAACGTAACAGCG-1,0.1094
TTGGAACGTCGCGTCA-1,0.1412
TTGGAACGTGTCCCTT-1,0.1172
TTGGAACTCCTCAGCT-1,0.0886
TTGGCAATCGTGTACA-1,0.0718
TTGTAGGAGGGAGTAA-1,0.153
TTGTAGGGTCCAGTGC-1,0.0994
TTGTAGGGTGTGTTCA-1,0.1324
TTGTAGGTCTAGCAGT-1,0.1324
TTTACTGAGAGTCCTT-1,0.0788
TTTACTGAGTGCGTGA-1,0.1414
TTTACTGGTCTGCCAG-1,0.1326
TTTACTGTCTCATCCG-1,0.0936
TTTATGCCATTGTCTT-1,0.13
TTTATGCGTTACGGCC-1,0.1328
TTTCCTCAGCTGGTCC-1,0.1416
TTTCCTCCAGCGTGTC-1,0.126
TTTCCTCGTCACCTGG-1,0.118
TTTCCTCGTTGTCACA-1,0.1312
TTTCCTCTCTTAAGGC-1,0.1914
TTTGCGCCATGGCTCG-1,0.1424
TTTGGTTAGAGGTAGA-1,0.1478
TTTGGTTAGGCCCTCA-1,0.136
TTTGGTTCACGTTTAG-1,0.1596
TTTGGTTGTCAGGTAG-1,0.142
TTTGTCAAGGACAGCT-1,0.136
TTTGTCATCGAATGTC-1,0.0922