cell_id,c_gini
AAACCTGCACCAAAGG-1,0.141
AAACCTGCAGGACCAA-1,0.1234
AAACCTGGTAACTTCG-1,0.1216
AAACCTGGTACCAGTT-1,0.1178
AAACCTGGTACCTAGT-1,0.133
AAACCTGTCAGCATAC-1,0.1974
AAACCTGTCGATAAGA-1,0.1386
AAACCTGTCTACGGCG-1,0.1062
AAACGGGAGCTTTGGT-1,0.1194
AAACGGGAGGCAGGTT-1,0.1076
AAACGGGAGTCTAGCT-1,0.118
AAACGGGGTTACGGCC-1,0.1138
AAAGCAAAGACTTGAA-1,0.1408
AAAGCAACAAATGATG-1,0.1308
AAAGCAACAACTCGCG-1,0.1348
AAAGCAACAGTCGGAA-1,0.089
AAAGCAACATTTCTTG-1,0.1722
AAAGCAAGTGGAAAGA-1,0.1198
AAAGCAATCGAGAATA-1,0.123
AAAGCAATCTGACGCG-1,0.123
AAAGTAGAGGCTAGCA-1,0.1286
AAAGTAGAGTACGTAA-1,0.1368
AAAGTAGCAACGACGA-1,0.1086
AAAGTAGCAAGTGAGC-1,0.1146
AAAGTAGCATGCCGCA-1,0.104
AAAGTAGCATGGCACC-1,0.11
AAAGTAGGTGAAGCCA-1,0.1264
AAAGTAGGTTTACGGT-1,0.1066
AAAGTAGTCGTTATCT-1,0.1168
AAATGCCAGGACGAAA-1,0.126
AAATGCCCAGCCCATG-1,0.1456
AAATGCCGTACAAGGC-1,0.1236
AAATGCCTCACGTTAG-1,0.1342
AACACGTCACGAGTTT-1,0.1366
AACACGTGTACGTTTG-1,0.1342
AACACGTGTTCAGTAC-1,0.1264
AACCATGAGGCATTTC-1,0.1102
AACCATGAGTGGGTAC-1,0.115
AACCATGCACACGTGC-1,0.1288
AACCATGCATTTGCGA-1,0.1138
AACCATGGTCAGAAGC-1,0.0716
AACCATGGTTTGTCTT-1,0.1092
AACCATGTCAGCCCGA-1,0.119
AACCGCGAGCTTCAGT-1,0.109
AACCGCGCAAACGAGC-1,0.1152
AACCGCGGTGTTCGAT-1,0.1132
AACCGCGTCAGGTGAG-1,0.1244
AACGTTGAGGCGATAC-1,0.1208
AACGTTGAGTTCCACA-1,0.1114
AACGTTGCATTTGCGA-1,0.111
AACGTTGTCAGAGTAA-1,0.166
AACGTTGTCCTGAAAC-1,0.1214
AACGTTGTCTGCCGTT-1,0.0912
AACTCAGAGGCTAGCA-1,0.1104
AACTCAGCAGGTCCCA-1,0.1148
AACTCAGTCCGCCTAT-1,0.0812
AACTCAGTCCTCAGTC-1,0.1218
AACTCCCCACGATAGG-1,0.1276
AACTCCCCAGTAGGGT-1,0.1066
AACTCCCGTAACCGAG-1,0.1398
AACTCCCGTGATATGA-1,0.1248
AACTCCCTCGACGAAG-1,0.1252
AACTCTTAGTCCGGTC-1,0.122
AACTCTTAGTCGAGTG-1,0.1298
AACTCTTAGTCGTCCG-1,0.117
AACTCTTAGTGGTAAT-1,0.129
AACTCTTCAGTAGGGT-1,0.1276
AACTCTTGTACGTCAT-1,0.1164
AACTGGTCAATCGCGC-1,0.1246
AACTGGTCAGCGCATC-1,0.1148
AACTGGTGTAGTGACG-1,0.104
AACTGGTGTGGTAAGC-1,0.0926
AACTTTCAGCTAGTGG-1,0.1138
AACTTTCGTAACACTC-1,0.1272
AACTTTCGTCGGATGA-1,0.1352
AACTTTCGTTTCCTGC-1,0.1102
AACTTTCTCTCGTGGG-1,0.117
AAGACCTAGCTTTCAG-1,0.109
AAGACCTCAACGCGCT-1,0.1288
AAGACCTCAGCCAAAG-1,0.1374
AAGACCTGTAACGACG-1,0.129
AAGACCTGTAAGCGCA-1,0.1168
AAGACCTTCAATAGGA-1,0.1386
AAGACCTTCACTCATT-1,0.1476
AAGACCTTCGATACAC-1,0.1152
AAGCCGCGTTATTGGC-1,0.1164
AAGCCGCGTTGAACTC-1,0.0862
AAGCCGCTCAACTGAC-1,0.1258
AAGCCGCTCGCTCTGT-1,0.0916
AAGGAGCAGCGTCGTC-1,0.1446
AAGGAGCAGGCGCTCT-1,0.1228
AAGGAGCCAGCCCGAT-1,0.1494
AAGGAGCTCCCGTTGT-1,0.1118
AAGGCAGAGCAAAGTT-1,0.1346
AAGGCAGGTTCGCGTG-1,0.1568
AAGGCAGTCTCCACGT-1,0.1318
AAGGTTCCACGTTTAG-1,0.1294
AAGGTTCCAGGGAAGG-1,0.0952
AAGGTTCTCGTGAGGA-1,0.1128
AAGTCTGAGGTAAGTT-1,0.113
AAGTCTGCACAACTTG-1,0.152
AAGTCTGGTTTGGCTA-1,0.1148
AAGTCTGTCATATCTC-1,0.0776
AAGTCTGTCATCGCGG-1,0.1566
AAGTCTGTCCGAAGCC-1,0.119
AATCCAGAGAATTGTG-1,0.1498
AATCCAGAGATGTGGC-1,0.1188
AATCCAGCAGACTTGT-1,0.1172
AATCCAGGTAACGAGC-1,0.1222
AATCCAGGTCCGATGC-1,0.0964
AATCGGTAGGTGCTTT-1,0.205
AATCGGTCAAGACGAC-1,0.1282
AATCGGTCACGAGCTC-1,0.0838
AATCGGTCAGAAAGCC-1,0.1174
AATCGGTGTCAGGTAG-1,0.0956
AATCGGTTCGCTGAAT-1,0.1308
ACACCAAAGAGCTGCA-1,0.1212
ACACCAAAGATGCGAC-1,0.142
ACACCAACACCGAACC-1,0.1146
ACACCAACAGCTCATA-1,0.13
ACACCAAGTCATGCTA-1,0.1132
ACACCAATCAACTGCA-1,0.1426
ACACCAATCCCACAAA-1,0.1384
ACACCAATCCTATGAG-1,0.0836
ACACCCTAGTCGCCGT-1,0.0738
ACACCCTTCGAACCCG-1,0.1642
ACACCGGAGCAGATCG-1,0.1574
ACACCGGCAGGAGCAT-1,0.1402
ACACCGGCATTCGTTT-1,0.1338
ACACTGAAGACTGTAA-1,0.1318
ACACTGACAGACTTGT-1,0.1172
ACACTGATCGGCTCAG-1,0.1236
ACAGCCGCATCCTGGG-1,0.125
ACAGCCGGTGGTGCAA-1,0.1208
ACAGCCGTCGTCCCTA-1,0.2168
ACAGCTAAGCCACCTG-1,0.4848
ACAGCTAAGCTGCACC-1,0.1096
ACAGCTAGTTACGCCG-1,0.1244
ACAGCTATCTAGCCTC-1,0.1084
ACATACGCAACAGCCC-1,0.1578
ACATACGCACTCCGAG-1,0.1408
ACATACGCAGTTATGC-1,0.0978
ACATACGGTCCGAAGA-1,0.1322
ACATACGTCAAGTGCT-1,0.1116
ACATCAGAGCTATCAC-1,0.1166
ACATCAGAGTGTGATA-1,0.1414
ACATCAGGTGCCTACG-1,0.126
ACATGGTAGACTTCCA-1,0.1062
ACATGGTTCGTACGCG-1,0.1636
ACCAGTAAGCAGCCTC-1,0.111
ACCAGTAGTTTCCGAA-1,0.1198
ACCAGTAGTTTGGCGC-1,0.1178
ACCAGTATCCAAAGAA-1,0.1246
ACCCACTAGAAAGCTT-1,0.1146
ACCCACTAGAGCTGCA-1,0.1006
ACCCACTAGGACAGAA-1,0.1424
ACCCACTAGGAGTTGC-1,0.0806
ACCCACTCAGATCGAG-1,0.1184
ACCCACTGTCAGGTAG-1,0.1202
ACCCACTTCAACTGCA-1,0.1342
ACCCACTTCGCCCAGA-1,0.1208
ACCGTAAAGTCATCCA-1,0.1274
ACCGTAACACCCGTTT-1,0.1224
ACCGTAACACGCTGAC-1,0.1124
ACCGTAACAGTGAATA-1,0.1106
ACCGTAACATACGGTT-1,0.1076
ACCGTAATCCGAAGCC-1,0.0788
ACCTTTAAGCAACGGT-1,0.2166
ACGAGCCCAAGGTATA-1,0.1172
ACGAGCCCAGGTCTGC-1,0.1196
ACGAGCCGTTCAAGAA-1,0.1268
ACGAGCCGTTCCCACT-1,0.1134
ACGAGGACACGTATGT-1,0.126
ACGAGGATCTAACGTG-1,0.1268
ACGATACAGGTGCAAC-1,0.1132
ACGATACAGTGTCCAT-1,0.1114
ACGATACGTATGTAGA-1,0.1404
ACGATACGTGAGTCAG-1,0.1452
ACGATACTCCTCCTGA-1,0.1188
ACGATGTAGGTGTGCA-1,0.1192
ACGATGTAGTCTCGGC-1,0.1212
ACGATGTGTGCGTCAC-1,0.1132
ACGATGTTCATATCTC-1,0.1292
ACGATGTTCGTAGCGC-1,0.1032
ACGCAGCAGATAGTCA-1,0.0928
ACGCAGCAGTAGTGCG-1,0.115
ACGCAGCGTATCTCTT-1,0.1284
ACGCCAGAGAGTCCTT-1,0.1104
ACGCCAGAGCAATCTC-1,0.0752
ACGCCAGAGCAGCGTA-1,0.1238
ACGCCAGAGCAGTACG-1,0.1208
ACGCCAGAGTACGATA-1,0.1246
ACGCCAGTCGGCACCA-1,0.1274
ACGCCGAAGGGCCATA-1,0.1256
ACGCCGAGTACGTGCC-1,0.1164
ACGCCGAGTCCGGTTG-1,0.1262
ACGCCGATCAACTGCA-1,0.1152
ACGCCGATCCTACCCA-1,0.1206
ACGGAGACACTCACCT-1,0.083
ACGGAGACAGCCCATG-1,0.1432
ACGGAGAGTAGATGTA-1,0.1358
ACGGAGAGTCTCGGTG-1,0.1168
ACGGAGAGTGATTTGC-1,0.0814
ACGGAGAGTTGGTATC-1,0.076
ACGGCCAAGTTGGCTT-1,0.1234
ACGGCCACATTGCATG-1,0.1406
ACGGCCAGTCGCGCTA-1,0.1158
ACGGCCATCAGAGTAA-1,0.1356
ACGGGCTAGAGTCCTT-1,0.1206
ACGGGCTAGATATGGT-1,0.1254
ACGGGCTTCTGGGATT-1,0.1334
ACGGGTCAGGGAACGG-1,0.0838
ACGGGTCAGGGTAGGG-1,0.345
ACGGGTCCACATAAAG-1,0.1592
ACGGGTCCATAGCACT-1,0.1076
ACGGGTCGTTTCCATT-1,0.1252
ACGGGTCTCAAAGCGG-1,0.1342
ACGGGTCTCATCGCAA-1,0.0902
ACGGGTCTCGATCCGG-1,0.1168
ACGGGTCTCTGAAGCT-1,0.1272
ACGTCAACAATGGCAG-1,0.126
ACGTCAAGTACAACGG-1,0.125
ACGTCAATCGATAGTC-1,0.1204
ACGTCAATCTCCATGC-1,0.1446
ACTATCTAGATCCTGT-1,0.0948
ACTATCTAGGCATTTC-1,0.0984
ACTATCTCACTGCGCA-1,0.4602
ACTATCTTCCTACGAA-1,0.1892
ACTGAACCAATAACAG-1,0.1474
ACTGAACGTCATCTAG-1,0.1296
ACTGAACTCACTTTAC-1,0.4234
ACTGAGTGTTTCCATT-1,0.118
ACTGAGTTCCCACAAA-1,0.5914
ACTGAGTTCGACCCTT-1,0.0936
ACTGAGTTCTGCACAA-1,0.1324
ACTGATGAGTACGCCC-1,0.1174
ACTGATGGTACTGCTA-1,0.1228
ACTGATGGTAGTTGGG-1,0.1164
ACTGATGTCCGCCTTA-1,0.1258
ACTGCTCGTGTAAAGT-1,0.1572
ACTGCTCTCGGATGCC-1,0.1104
ACTGTCCAGCTCAACT-1,0.1372
ACTGTCCAGTCTCGGC-1,0.1408
ACTGTCCGTCTCTTTA-1,0.174
ACTTACTAGCTAACTC-1,0.1194
ACTTACTGTACTGCTA-1,0.127
ACTTACTGTATTCGTG-1,0.1178
ACTTACTGTGACACGA-1,0.1184
ACTTACTGTTACTGAC-1,0.1162
ACTTACTTCGGCTCAG-1,0.1138
ACTTACTTCTGCCGTT-1,0.1204
ACTTGTTAGTGTATCC-1,0.1416
ACTTGTTCAACAGTGG-1,0.1194
ACTTGTTGTCAAACTC-1,0.084
ACTTGTTGTGCAGGTA-1,0.1244
ACTTGTTTCATCGACA-1,0.118
ACTTTCAAGCATGAGC-1,0.128
ACTTTCAAGCTCAACT-1,0.106
ACTTTCAAGGCCCGTT-1,0.1112
ACTTTCATCCGTCTAC-1,0.1142
AGAATAGCAAGGCCCT-1,0.1174
AGAATAGCAGGTACGA-1,0.096
AGACGTTCAGCCCATG-1,0.1066
AGACGTTTCGACCATA-1,0.1212
AGAGCGAAGAGCCACA-1,0.1116
AGAGCGAAGTCCCGAC-1,0.0898
AGAGCGACAACCTCAA-1,0.0836
AGAGCTTCAACGTCTA-1,0.118
AGAGCTTGTAATGACA-1,0.1202
AGAGCTTTCAGGACTT-1,0.0818
AGAGCTTTCTGGCCTT-1,0.0782
AGAGCTTTCTGGTGAT-1,0.0996
AGAGCTTTCTTCTAAC-1,0.118
AGAGCTTTCTTGTTAC-1,0.0768
AGAGTGGAGAGACTAT-1,0.1264
AGAGTGGCACTCCGAG-1,0.1324
AGAGTGGCATCAAGAA-1,0.1428
AGAGTGGGTGTGATCT-1,0.1174
AGAGTGGTCGTAGCGC-1,0.1188
AGATCTGAGAAGGTTT-1,0.136
AGATCTGCAGTGGATG-1,0.1532
AGATCTGTCATCAGCA-1,0.1216
AGATTGCCAAATCGCT-1,0.1222
AGATTGCCACAAGGAC-1,0.1222
AGATTGCCACAGCTGC-1,0.1128
AGATTGCCATGAGGGT-1,0.0706
AGATTGCTCAGCGCGT-1,0.1166
AGATTGCTCCGTAATG-1,0.1514
AGCAGCCTCTGGTGGC-1,0.1106
AGCATACAGTACAGTA-1,0.1342
AGCATACCACGATAGG-1,0.1206
AGCATACGTCTCTATT-1,0.1548
AGCCTAACACGGAATG-1,0.121
AGCCTAACATTCATCT-1,0.0854
AGCCTAAGTACCAGTT-1,0.1388
AGCCTAAGTCACCGCA-1,0.0986
AGCCTAATCTGTGGCG-1,0.1494
AGCGGTCAGGCATTGG-1,0.1608
AGCGGTCCACATCGAT-1,0.1212
AGCGGTCGTACTTGCA-1,0.1188
AGCGGTCTCGATAGTC-1,0.1258
AGCGTATAGCCCGAAA-1,0.132
AGCGTATGTCCTCGGA-1,0.1118
AGCGTATTCCGTAATG-1,0.1388
AGCGTCGCAAGGCGTA-1,0.1804
AGCTCCTAGACTTCCA-1,0.1146
AGCTCCTAGAGCTTCT-1,0.1192
AGCTCCTAGCTGGTCC-1,0.1494
AGCTCCTCATCGTCAA-1,0.1174
AGCTCCTGTTGAGCAG-1,0.1182
AGCTCCTTCGGTCACG-1,0.1134
AGCTCTCCAAGTGACG-1,0.1228
AGCTCTCCACATCTAG-1,0.1492
AGCTCTCCAGCGTCAC-1,0.132
AGCTCTCGTCTCTCTG-1,0.1416
AGCTCTCTCCGAGTCG-1,0.1426
AGCTTGATCCCGAATA-1,0.1254
AGGCCACAGCGACGTA-1,0.1346
AGGCCACCACATCTAG-1,0.1318
AGGCCACCATCTTTCA-1,0.0898
AGGCCACGTGCGGTAA-1,0.1446
AGGCCACTCTAGCAGT-1,0.1106
AGGCCGTAGCCCAACC-1,0.1278
AGGCCGTGTCTAGGGA-1,0.125
AGGCCGTTCAGATGTC-1,0.118
AGGGAGTAGGCAACAC-1,0.1124
AGGGAGTCATTGAAAG-1,0.1266
AGGGAGTGTAGCAGTG-1,0.1388
AGGGAGTGTGATTGTC-1,0.0996
AGGGAGTGTGTCTCAA-1,0.1062
AGGGAGTTCGTTATTC-1,0.1244
AGGGATGCAACCTAGT-1,0.1368
AGGGATGCACCCAAAT-1,0.1294
AGGGATGGTCAACCTA-1,0.124
AGGGTGAAGATCCGAG-1,0.1192
AGGGTGAAGGCATGGT-1,0.0884
AGGGTGACACGAGATG-1,0.1346
AGGGTGAGTTACTGAC-1,0.1414
AGGGTGATCGTATTGG-1,0.1212
AGGTCATGTTTGTCAG-1,0.0896
AGGTCCGGTCTGCGCA-1,0.1108
AGGTCCGGTTTCGCAA-1,0.159
AGTAGTCCAGATATCC-1,0.116
AGTAGTCGTAAGGTGC-1,0.112
AGTAGTCTCCCAGAAT-1,0.0954
AGTAGTCTCGCAGCAC-1,0.109
AGTCTTTCATACGTCA-1,0.1858
AGTCTTTGTACAATAG-1,0.1402
AGTCTTTGTCTTGCGG-1,0.1032
AGTCTTTGTGGTAACG-1,0.1284
AGTCTTTTCCTCAGTC-1,0.1464
AGTGAGGAGAAGGTGA-1,0.111
AGTGAGGGTTATGCGT-1,0.1156
AGTGAGGTCGACCATA-1,0.0994
AGTGGGAAGCGTCAAG-1,0.128
AGTGGGAAGTATGACA-1,0.0778
AGTGGGAGTCGATACT-1,0.1128
AGTGGGATCCTCTCAG-1,0.1282
AGTGGGATCGTTGGAT-1,0.0944
AGTGTCAAGAGGACGG-1,0.0792
AGTGTCAAGCAATCTC-1,0.0786
AGTGTCAGTTCTAGAC-1,0.1406
AGTGTCATCGTTCGAA-1,0.1206
AGTTGGTAGAAGGTGA-1,0.1162
AGTTGGTAGAGTACAT-1,0.1266
AGTTGGTAGCCCAATT-1,0.1246
AGTTGGTGTAGAATAC-1,0.1174
AGTTGGTTCATGGGCC-1,0.7358
AGTTGGTTCGACGAAG-1,0.0866
ATAACGCAGAGAGCTC-1,0.1196
ATAACGCCAACCCACG-1,0.1184
ATAACGCGTGGAAGGG-1,0.1178
ATAACGCTCCACTGCT-1,0.1138
ATAACGCTCGCTGAAT-1,0.096
ATAACGCTCTGGGATT-1,0.1188
ATAACGCTCTGGTCCT-1,0.1108
ATAAGAGTCCCACAAA-1,0.1348
ATAAGAGTCTAGACAC-1,0.0972
ATAGACCAGGCATATA-1,0.1442
ATAGACCGTGTCAACT-1,0.124
ATAGACCTCCGCCTTA-1,0.1302
ATAGACCTCGCGCACA-1,0.1142
ATAGACCTCTAACACG-1,0.134
ATCACGATCAGCAGCC-1,0.1142
ATCACGATCATTGGAC-1,0.0856
ATCACGATCGACCCTT-1,0.118
ATCATCTAGACTAAGT-1,0.1354
ATCATCTAGGCTACGA-1,0.5312
ATCATCTGTCTAGCGC-1,0.5178
ATCATGGAGCAGTCTT-1,0.1258
ATCATGGCAGACGAAC-1,0.4502
ATCATGGCAGCTATGT-1,0.137
ATCATGGCATTTCCAT-1,0.092
ATCATGGGTAAACCTC-1,0.1288
ATCATGGGTACCTCGG-1,0.116
ATCATGGGTCCGAAGA-1,0.1482
ATCATGGGTTTAGGAA-1,0.1264
ATCATGGTCCTACCTG-1,0.133
ATCATGGTCCTCAGCT-1,0.1232
ATCATGGTCTGGGACC-1,0.1128
ATCCACCAGTACGTAA-1,0.146
ATCCACCCAGCACACC-1,0.1246
ATCCACCGTCTTGCGG-1,0.0854
ATCCGAAAGCGACGTA-1,0.128
ATCCGAACACGCTGAC-1,0.126
ATCCGAATCGCACAGC-1,0.1532
ATCGAGTAGCACAGGT-1,0.1266
ATCGAGTCACAAGCTT-1,0.1204
ATCGAGTGTCCAGTGC-1,0.112
ATCTACTCACGTGCGT-1,0.0736
ATCTACTCATCCTGGG-1,0.1438
ATCTACTGTAATGACA-1,0.138
ATCTACTGTAGTTGGG-1,0.122
ATCTACTGTATATGAG-1,0.1248
ATCTACTTCGGGTCCA-1,0.093
ATCTGCCAGTAACCCT-1,0.1232
ATCTGCCCAACAGAGC-1,0.0734
ATCTGCCGTCCTAGTA-1,0.1452
ATCTGCCGTCTCCACT-1,0.122
ATCTGCCGTTTCGCAA-1,0.091
ATCTGCCTCACGACGC-1,0.0932
ATCTGCCTCCCAAAGT-1,0.1052
ATGAGGGAGGGAGTAA-1,0.0972
ATGAGGGGTATCGCCG-1,0.1322
ATGAGGGTCGATTGCA-1,0.1154
ATGCGATGTAACGACG-1,0.1226
ATGCGATTCGCGGACT-1,0.1136
ATGGGAGAGAAAGCTT-1,0.1162
ATGGGAGGTCAACTGT-1,0.1006
ATGTGTGCAAGACGCA-1,0.1182
ATGTGTGCAGGGAAGG-1,0.0956
ATGTGTGGTAACAGCG-1,0.1148
ATGTGTGGTGCCTGGT-1,0.1136
ATGTGTGGTGTTCCGG-1,0.116
ATTACTCAGAAAGCTT-1,0.1068
ATTACTCAGGAGTCTG-1,0.1022
ATTACTCGTACAAGGC-1,0.0846
ATTACTCGTGGCCTGT-1,0.0794
ATTACTCTCAGCCTGG-1,0.1164
ATTACTCTCGATAAGA-1,0.14
ATTATCCAGTGTGATA-1,0.1244
ATTCTACAGATTGAGT-1,0.1146
ATTCTACGTCTCTTTA-1,0.1516
ATTCTACGTTCGGTGC-1,0.1326
ATTCTACTCTGGTAGT-1,0.1208
ATTGGACGTCCGAAGA-1,0.1316
ATTGGACGTCTCGAGC-1,0.1124
ATTGGACTCACGGTAT-1,0.1184
ATTGGACTCCCAAAGT-1,0.1194
ATTGGTGCAGAATTCC-1,0.122
ATTGGTGCAGGATCCC-1,0.092
ATTGGTGTCGAACAAA-1,0.1092
ATTTCTGAGATTGAGT-1,0.087
ATTTCTGAGCGGCTTC-1,0.0806
ATTTCTGAGCGTCAAG-1,0.1146
ATTTCTGGTACAAGAT-1,0.1274
ATTTCTGGTCACCAGC-1,0.11
ATTTCTGGTCCTTGGG-1,0.1058
ATTTCTGGTTTAGCAC-1,0.1158
ATTTCTGTCAAGAAAC-1,0.1192
ATTTCTGTCAGTACAC-1,0.1172
ATTTCTGTCGATAGTC-1,0.1188
CAACCAAAGGTGTGGT-1,0.0776
CAACCAAAGTTTGGCT-1,0.0826
CAACCAACAAGCTACT-1,0.112
CAACCTCCAAGCATGG-1,0.1162
CAACCTCCATGTTTCT-1,0.1154
CAACCTCGTTCTAGTG-1,0.15
CAACCTCTCCTTCGTG-1,0.1486
CAACTAGAGGAGCGAG-1,0.1118
CAACTAGCAGAGCTCC-1,0.1078
CAACTAGGTCCGGGTT-1,0.089
CAACTAGTCCAGTCTC-1,0.1142
CAAGAAAAGCTTTGGT-1,0.1178
CAAGAAAAGGTTCCTA-1,0.1324
CAAGAAAAGTCGTACT-1,0.1126
CAAGAAACAACCTGAT-1,0.134
CAAGAAACAGCGATGA-1,0.1196
CAAGAAAGTAGTGACG-1,0.1184
CAAGAAAGTGGGAAGG-1,0.1244
CAAGAAATCGAGCCGT-1,0.1234
CAAGAAATCTAAGGAA-1,0.1232
CAAGAAATCTCATGTT-1,0.1278
CAAGATCAGCCCAGCT-1,0.1162
CAAGATCCACTATGCA-1,0.121
CAAGGCCAGTTTCTGG-1,0.116
CAAGGCCCACGCGATC-1,0.1118
CAAGGCCCACTACGTA-1,0.124
CAAGTTGAGACAAAGG-1,0.1198
CAAGTTGCAGATGAAT-1,0.1312
CAAGTTGTCCAACAAC-1,0.1142
CACAAACCAATGGTAA-1,0.1224
CACAAACTCCTCTGCA-1,0.1226
CACACAAAGCTGCCCA-1,0.1182
CACACAACATTTCTTG-1,0.1312
CACACCTAGTGGACGT-1,0.1114
CACACCTCACACTCGG-1,0.1264
CACACCTCACGAGCTC-1,0.1438
CACACCTGTCGCGAAA-1,0.097
CACACCTGTGGTAAGC-1,0.1188
CACACTCAGGTAACGC-1,0.1196
CACACTCAGTCGACTT-1,0.0904
CACACTCGTACCATCA-1,0.0948
CACACTCGTCATCCAA-1,0.1082
CACACTCTCCGCGACA-1,0.125
CACACTCTCGATTGCA-1,0.62
CACAGGCAGCAGTAGC-1,0.0744
CACAGGCGTAGACCAG-1,0.073
CACAGTAAGTTTAGGA-1,0.1366
CACAGTACATTTCTTG-1,0.1306
CACAGTATCAGCAGCC-1,0.145
CACATAGCAAGCATGG-1,0.1366
CACATAGGTACCAACT-1,0.0848
CACATAGGTGCGCTTG-1,0.1426
CACATAGGTGTAATGA-1,0.153
CACATAGGTTCTTCGC-1,0.1206
CACATTTAGTGAAGAG-1,0.1228
CACATTTGTACTGCTA-1,0.1312
CACATTTGTTTAGCAC-1,0.1178
CACATTTTCACCACGG-1,0.193
CACCAGGCACATCTAG-1,0.1394
CACCAGGGTGGACGTA-1,0.16
CACCTTGCAAACTCAC-1,0.1112
CACCTTGCAGGTCTGC-1,0.0784
CACTCCAAGTTCGCAT-1,0.116
CACTCCACAAAGGTTA-1,0.105
CACTCCACACATTCAG-1,0.1294
CACTCCACACGTACAT-1,0.1208
CACTCCACATTCGTTT-1,0.117
CACTCCAGTCCAGTGC-1,0.1324
CAGAATCGTTAAGCCT-1,0.1166
CAGAGAGAGAAGGACA-1,0.1184
CAGAGAGAGGCATGGT-1,0.0848
CAGATCACAAACTCAC-1,0.0978
CAGATCACAACAGCCC-1,0.1302
CAGATCACAATCCGTA-1,0.144
CAGATCAGTCACCAGC-1,0.096
CAGATCATCACTTTAC-1,0.1386
CAGATCATCCGCCTAT-1,0.12
CAGCAGCAGAATGTTG-1,0.1324
CAGCAGCCATTGAAAG-1,0.1268
CAGCAGCGTCCGGGTT-1,0.122
CAGCAGCTCATGGGCC-1,0.1192
CAGCAGCTCGTTCGGG-1,0.1196
CAGCATAAGAGTGACC-1,0.1144
CAGCATACAACTCCGG-1,0.1346
CAGCATAGTTCCCTAC-1,0.1138
CAGCATATCGGAATGG-1,0.1408
CAGCCGACATCGGTCG-1,0.1476
CAGCCGAGTAAGTAAC-1,0.0896
CAGCCGAGTCAGAAGC-1,0.1356
CAGCCGAGTCCAAGTT-1,0.1354
CAGCCGATCAGTGCCG-1,0.1352
CAGCCGATCGCGGCAT-1,0.1042
CAGCCGATCTAATGGC-1,0.1144
CAGCGACAGCCAAACG-1,0.13
CAGCGACAGGTGCTTT-1,0.1092
CAGCGACAGTCGAGTG-1,0.1178
CAGCTAACAGACGAGT-1,0.1348
CAGCTGGAGACAGTTA-1,0.1336
CAGCTGGCATCTCGTC-1,0.1226
CAGCTGGGTCACGCAC-1,0.083
CAGCTGGTCTACACCC-1,0.1274
CAGGTGCAGCAGGTCA-1,0.1202
CAGGTGCAGCGCTCAC-1,0.1114
CAGGTGCAGTGTACCT-1,0.1116
CAGGTGCCATACAGAA-1,0.1468
CAGGTGCTCAGGACAG-1,0.1322
CAGTAACAGAACTCGG-1,0.0996
CAGTAACAGCGATGAC-1,0.1184
CAGTAACAGCTACCTA-1,0.102
CAGTAACAGGTAAGTT-1,0.1198
CAGTAACAGTACACCT-1,0.125
CAGTAACAGTACGACG-1,0.1202
CAGTAACAGTTCGATC-1,0.1182
CAGTAACGTTCTAGAC-1,0.1366
CAGTCCTAGCTAACAA-1,0.134
CAGTCCTCAAATCGCT-1,0.125
CAGTCCTCAACATAAG-1,0.1284
CAGTCCTCATCCAGGC-1,0.1208
CAGTCCTGTGAGTCAG-1,0.088
CAGTCCTTCAGCCACG-1,0.1184
CATATGGAGTATGACA-1,0.1032
CATATGGCATAGGACG-1,0.0936
CATATGGCATTGGTCA-1,0.1138
CATATGGGTGCACACC-1,0.1158
CATATGGGTTCGAGCC-1,0.142
CATATGGTCCGTAATG-1,0.1742
CATATTCCACATCGAT-1,0.1234
CATATTCCATGTTTCT-1,0.1178
CATATTCTCTTGTTAC-1,0.1232
CATCAAGCAAGCAAGC-1,0.1132
CATCAAGGTCGCGTAC-1,0.1192
CATCAAGTCAGATTCG-1,0.1326
CATCAGAGTACGTGCC-1,0.1126
CATCAGAGTCTAGGGA-1,0.1048
CATCAGATCTGGATCA-1,0.0932
CATCCACAGGGCATGT-1,0.1218
CATCCACCAGAAGACC-1,0.114
CATCCACTCACACTAG-1,0.1358
CATCGAACAGTCCGCA-1,0.1142
CATCGAAGTGCGGTAA-1,0.0954
CATCGAATCCGCTTGT-1,0.1226
CATCGAATCGTAAGGG-1,0.1376
CATCGGGAGGTAGCCA-1,0.1284
CATCGGGAGTGTCCAT-1,0.12
CATCGGGCACAAGCTT-1,0.1282
CATCGGGGTCGCCAAC-1,0.1266
CATCGGGGTGCATCTA-1,0.1252
CATCGGGTCGAACCCG-1,0.1076
CATGACAGTCGCTTCT-1,0.1252
CATGACATCCGAAGGA-1,0.082
CATGCCTCAGAGGCAT-1,0.1122
CATGCCTCAGCCAGTC-1,0.1472
CATGCCTGTACCGTCG-1,0.1316
CATGCCTGTTATCGGT-1,0.1144
CATGCCTGTTGGAACG-1,0.1266
CATGCCTTCTAAGACC-1,0.121
CATGGCGAGCCACCTG-1,0.112
CATGGCGAGGAGTACC-1,0.1012
CATGGCGTCATCGCGG-1,0.1202
CATGGCGTCGAATGTC-1,0.118
CATGGCGTCGTAGGGA-1,0.1518
CATTATCAGAAGATTC-1,0.1162
CATTATCCAAAGCGCA-1,0.182
CATTATCCATGAGGGT-1,0.1082
CATTATCGTTAGAGCG-1,0.1276
CATTATCGTTGCACTA-1,0.1222
CATTCGCAGCAGAGAA-1,0.11
CATTCGCGTGTGTATC-1,0.1192
CATTCGCTCGGCACCA-1,0.101
CATTCGCTCGGTAAGG-1,0.117
CCAATCCAGTGTACGG-1,0.1186
CCAATCCCAACCCAAT-1,0.0994
CCAATCCCAGTCCCTT-1,0.1298
CCAATCCTCCGACCAG-1,0.1262
CCAATCCTCCGAGTCG-1,0.133
CCAATCCTCTACCGTC-1,0.1194
CCACCTACAGACAGTG-1,0.0928
CCACGGAAGAAAGTGG-1,0.113
CCACTACCATAGGTCT-1,0.1156
CCAGCGAAGTCGATAA-1,0.1404
CCAGCGACAACCGCTG-1,0.145
CCAGCGAGTCTCGGTG-1,0.1444
CCAGCGATCCAGGCGT-1,0.116
CCAGCGATCGGTGCAC-1,0.113
CCATTCGCAATCCATG-1,0.1452
CCATTCGCAGCCAAAG-1,0.1372
CCATTCGGTGGACGTA-1,0.132
CCATTCGTCAAGTTGC-1,0.1172
CCATTCGTCTTGTTAC-1,0.1184
CCCAATCAGATGCGAC-1,0.112
CCCAATCAGGTAACGC-1,0.129
CCCAATCCAAGCATGG-1,0.1216
CCCAATCCAGAACAGC-1,0.1278
CCCAATCCAGTGCTCG-1,0.1744
CCCAATCGTGGCAACA-1,0.0816
CCCAATCTCGTTATCT-1,0.1156
CCCAGTTAGCTATGCT-1,0.1076
CCCAGTTCAGCCCATG-1,0.1154
CCCAGTTCAGTGGATG-1,0.1312
CCCAGTTTCTAACACG-1,0.141
CCCATACCACACCTAA-1,0.124
CCCATACCATCTAAGC-1,0.115
CCCATACGTGTCGCTG-1,0.144
CCCATACTCTCACCTG-1,0.1352
CCCATACTCTGTTGTT-1,0.1252
CCCTCCTCAAATCGCT-1,0.127
CCCTCCTCACAAGGAC-1,0.1444
CCCTCCTGTAAGTAAC-1,0.1306
CCCTCCTTCACCGCGA-1,0.1284
CCGGGATAGACACGAC-1,0.1884
CCGGGATCACCTATGA-1,0.1602
CCGGGATTCGAACCCG-1,0.143
CCGGTAGAGTGACTCT-1,0.0716
CCGGTAGAGTGTCTCA-1,0.1434
CCGGTAGCATGAGGGT-1,0.1098
CCGGTAGGTAGCCCTG-1,0.0808
CCGTACTGTCAGGTAG-1,0.0894
CCGTACTTCACGGTAT-1,0.1496
CCGTGGACACAGACCC-1,0.144
CCGTGGAGTAAGCGCA-1,0.166
CCGTGGATCGCTATTT-1,0.1392
CCGTTCAAGACTAAGT-1,0.1208
CCGTTCACAACGCCGT-1,0.1434
CCGTTCACAACTAGTC-1,0.126
CCGTTCACAATTCACG-1,0.1262
CCGTTCACATTCTTCA-1,0.1152
CCGTTCAGTAACTGTC-1,0.1356
CCGTTCATCCTCGCTA-1,0.12
CCGTTCATCGATAGTC-1,0.1516
CCTAAAGAGCAAAGCC-1,0.1158
CCTAAAGAGCATCTTG-1,0.1558
CCTAAAGAGGGATACC-1,0.113
CCTAAAGAGGTGTTAA-1,0.1354
CCTAAAGCAACGTCTA-1,0.1434
CCTAAAGCAGATACCT-1,0.152
CCTAAAGCAGCAGATG-1,0.145
CCTAAAGCATAGAGGC-1,0.1226
CCTAAAGGTACCGTCG-1,0.1576
CCTAAAGGTACGTTTG-1,0.13
CCTAAAGGTTGCCACG-1,0.126
CCTAAAGTCATCAGGT-1,0.114
CCTACACAGCCGTCGT-1,0.0834
CCTACACAGTACTTGC-1,0.1146
CCTACACCATTTAGGC-1,0.101
CCTACACTCTGGCCTT-1,0.1142
CCTACCAAGCGGATCA-1,0.1288
CCTACCAAGGCTATCT-1,0.1192
CCTACCAGTAGTTGGG-1,0.1206
CCTACCATCGGCACCA-1,0.1216
CCTACCATCTGGTGGC-1,0.1156
CCTAGCTAGCTGCCCA-1,0.1112
CCTAGCTAGGACCAGT-1,0.1114
CCTAGCTCATCGGGCT-1,0.1202
CCTAGCTTCGCGAGAA-1,0.1488
CCTATTACAAGTGTTC-1,0.12
CCTATTAGTCGGAAGT-1,0.119
CCTCAGTAGGACGAAA-1,0.1432
CCTCAGTAGGTAAACT-1,0.1194
CCTCAGTCATCCTGGG-1,0.1256
CCTCAGTCATGTAGCT-1,0.1304
CCTCAGTGTCTCGGCA-1,0.1338
CCTCTGAAGCAGAGAA-1,0.1746
CCTCTGACAAGACTTC-1,0.0866
CCTCTGATCCGCTTGT-1,0.1166
CCTCTGATCTCCATGC-1,0.126
CCTTACGAGTCCGTAT-1,0.1276
CCTTACGTCAAGAGGC-1,0.1126
CCTTCCCAGCTAGTTC-1,0.1314
CCTTCCCCACGAGCTC-1,0.1246
CCTTCCCGTGTAGTTC-1,0.1378
CCTTCCCGTGTGTATC-1,0.1116
CCTTCCCTCATCAGCA-1,0.0974
CCTTCCCTCCCAAGCG-1,0.142
CCTTCCCTCGGGTCCA-1,0.2572
CCTTCGAAGAGCCCAA-1,0.1156
CCTTCGAAGCTAGTTC-1,0.0942
CCTTCGAAGCTTTCAG-1,0.1254
CCTTCGAAGTCCCGAC-1,0.1214
CCTTCGACAACTTTCT-1,0.1168
CCTTCGACAATTCACG-1,0.1218
CCTTCGAGTACATGAA-1,0.1492
CCTTCGAGTCCCTGGA-1,0.1192
CCTTCGAGTGAGCTCC-1,0.1382
CCTTCGATCTGTGAAC-1,0.113
CCTTTCTAGACGCTTT-1,0.1092
CCTTTCTCAGTAGAAT-1,0.134
CCTTTCTCATTACGCA-1,0.1558
CGAACATAGGCTATCT-1,0.1212
CGAACATGTCAACCTA-1,0.1206
CGAACATTCGACAATC-1,0.1356
CGAATGTTCACTATGG-1,0.1522
CGAATGTTCCTTCGCA-1,0.1202
CGAATGTTCTTATGGG-1,0.134
CGACCTTAGACTTCCA-1,0.1214
CGACCTTAGGATGCGT-1,0.115
CGACCTTAGTCCAGGA-1,0.1034
CGACCTTCACAAACTC-1,0.1242
CGACCTTCAGAGATCG-1,0.1196
CGACCTTCAGAGGCTA-1,0.1006
CGACCTTGTAACTAAG-1,0.1502
CGACTTCAGATACACA-1,0.1258
CGACTTCCAGGTCTGC-1,0.1184
CGACTTCGTCAAACTC-1,0.144
CGACTTCGTCAACTCA-1,0.1216
CGACTTCTCTACGGCG-1,0.1292
CGAGAAGAGCCAGTTT-1,0.1318
CGAGAAGCATTCTTGT-1,0.1222
CGAGAAGTCCTCTGTG-1,0.1218
CGAGAAGTCTAATGGC-1,0.1138
CGAGCACCACTCACCT-1,0.1166
CGAGCACGTAGGATAT-1,0.1318
CGAGCACTCCTGACAA-1,0.1304
CGAGCACTCGAGTACT-1,0.1302
CGAGCCAAGTTAGCGG-1,0.116
CGAGCCACACTTCAGA-1,0.1424
CGAGCCATCCCACAAA-1,0.1366
CGAGCCATCGCTCTAC-1,0.0912
CGATCGGCACTATGCA-1,0.1182
CGATCGGGTCCTCCAT-1,0.1178
CGATGGCAGATGCGAC-1,0.1164
CGATGGCAGTGAAGTT-1,0.1224
CGATGGCTCTACGGCG-1,0.1548
CGATGTAAGCAGAGAA-1,0.0972
CGATGTACATTCGTTT-1,0.1198
CGATGTATCAGTGTGT-1,0.0658
CGATTGACAATAACAG-1,0.133
CGATTGACACACACGC-1,0.1176
CGATTGAGTCCAGTGC-1,0.119
CGATTGAGTGCGAAAC-1,0.1168
CGCCAAGAGACAGTTA-1,0.1336
CGCCAAGAGGTACTCT-1,0.1168
CGCCAAGAGGTGTGGT-1,0.0842
CGCCAAGAGTGGAGAA-1,0.1194
CGCCAAGTCGATTGCA-1,0.115
CGCCAAGTCGGGTCCA-1,0.1164
CGCCAAGTCTAAGTGC-1,0.1334
CGCGGTACATCCCTTG-1,0.1386
CGCGGTAGTGCTGTAT-1,0.1368
CGCGGTATCGAGCCGT-1,0.1124
CGCGTTTGTCACGCAC-1,0.1258
CGCGTTTGTGCGAACA-1,0.0826
CGCGTTTTCCACCTTG-1,0.1454
CGCTATCAGTACACCT-1,0.1666
CGCTATCCACCTATGA-1,0.1436
CGCTATCCATCAGCAT-1,0.1116
CGCTATCGTTGTAGCT-1,0.0794
CGCTGGAAGGTCGGAT-1,0.1112
CGCTGGAAGTACTTGC-1,0.0768
CGCTGGACATGGATTC-1,0.1108
CGCTGGATCCGTACCT-1,0.1232
CGCTTCAAGCGCGATA-1,0.099
CGCTTCAGTGAAAGAG-1,0.0918
CGCTTCATCACCACGG-1,0.0918
CGGACACCATGATAAG-1,0.1332
CGGACACCATGGCTCG-1,0.127
CGGACACTCTGGTAGT-1,0.1478
CGGACGTAGCGATTCT-1,0.1306
CGGACGTTCAACGATC-1,0.1272
CGGACGTTCTGCACTC-1,0.1144
CGGACTGAGATGTAAC-1,0.0754
CGGACTGAGCAGTACG-1,0.1324
CGGACTGCAAACCGAG-1,0.1204
CGGACTGGTCCTCCAT-1,0.1136
CGGACTGTCTAGAGCT-1,0.1234
CGGAGCTAGGTATCGG-1,0.0836
CGGAGCTCATCTTTCA-1,0.1216
CGGAGTCCAAGCTACT-1,0.0998
CGGAGTCCACTTCAGA-1,0.13
CGGAGTCCAGTAGAAT-1,0.128
CGGAGTCGTGTGTATC-1,0.1218
CGGAGTCTCTAGCAGT-1,0.1378
CGGCTAGAGAAAGCTT-1,0.113
CGGCTAGAGCTATCAC-1,0.082
CGGCTAGCACTCACCT-1,0.1094
CGGCTAGGTAACTAAG-1,0.1316
CGGCTAGTCGAAATCC-1,0.122
CGGGTCAAGGCCATAG-1,0.1352
CGGGTCAAGGGAGTAA-1,0.127
CGGGTCACAACGACGA-1,0.1204
CGGGTCACACTACATG-1,0.1416
CGGTTAAGTGGCCTGT-1,0.1136
CGTAGCGAGTGTTAGA-1,0.1508
CGTAGCGGTAGGGTGT-1,0.1114
CGTAGGCAGACTGGGT-1,0.1198
CGTAGGCCACAGTGTT-1,0.123
CGTAGGCCACCAATAC-1,0.1004
CGTAGGCCATGTTTCT-1,0.1332
CGTAGGCGTGTAGTTC-1,0.1328
CGTAGGCGTGTCAACT-1,0.1248
CGTAGGCTCGCGGCAT-1,0.1678
CGTCACTAGCGTAATA-1,0.1724
CGTCACTAGGTGCTTT-1,0.0906
CGTCACTCAACATAAG-1,0.1436
CGTCACTGTATGTACC-1,0.1102
CGTCACTGTCTTACCC-1,0.112
CGTCACTTCCGCTGAG-1,0.1308
CGTCACTTCCTCAGTC-1,0.1136
CGTCAGGCACTCTCTG-1,0.1394
CGTCAGGCAGCTTGAT-1,0.1314
CGTCAGGTCGGAGTTT-1,0.1304
CGTCCATAGCGTGAAC-1,0.1324
CGTCCATAGGCATTTC-1,0.111
CGTCCATCAACGCGCT-1,0.1286
CGTCCATCAAGGGTGT-1,0.122
CGTCCATCAGTTATGC-1,0.1236
CGTCCATCATACGGTT-1,0.1302
CGTCTACCACCAGTGC-1,0.1196
CGTCTACTCTCGAACA-1,0.1202
CGTGAGCAGAGATGAG-1,0.1296
CGTGAGCAGTGATGAT-1,0.1244
CGTGAGCCAATAGGAT-1,0.1328
CGTGAGCCAGATCGAG-1,0.1192
CGTGAGCGTCTCGGTG-1,0.17
CGTGTAACAGAAGAAG-1,0.1526
CGTGTAAGTACCTAGT-1,0.1304
CGTGTCTAGATTGAGT-1,0.118
CGTGTCTGTCGGCATC-1,0.0984
CGTGTCTTCCAGTCTC-1,0.1342
CGTTAGAAGACACGAC-1,0.148
CGTTAGAAGTAGGTGC-1,0.155
CGTTAGACACGCTGAC-1,0.1166
CGTTAGATCAGTAAAG-1,0.1472
CGTTAGATCCACTCGT-1,0.0944
CGTTCTGCAACTGGAG-1,0.135
CGTTCTGGTGAGCGAT-1,0.1058
CGTTGGGGTGTCTCAA-1,0.1314
CGTTGGGTCCCGCATT-1,0.1174
CGTTGGGTCGCGAGAA-1,0.139
CGTTGGGTCGTGTGGC-1,0.1222
CTAACTTAGCGTGAAC-1,0.1196
CTAACTTCATTTGCGA-1,0.1284
CTAACTTGTAAGTAAC-1,0.1204
CTAACTTGTTAGTCAC-1,0.1298
CTAACTTTCCTTATTG-1,0.1464
CTAAGACAGGAGTAGA-1,0.1272
CTAAGACGTGATGTTC-1,0.1172
CTAATGGAGGCTAGCA-1,0.128
CTAATGGGTTGAACTC-1,0.114
CTAATGGTCCTTGAAG-1,0.0946
CTACACCAGTGAACAT-1,0.1228
CTACACCCACTTCTTA-1,0.1332
CTACATTAGACTTTCG-1,0.1024
CTACATTAGCTACCTA-1,0.1298
CTACATTAGTGTCCAT-1,0.1172
CTACATTCAAGACGAC-1,0.1314
CTACATTCAAGGTCGA-1,0.117
CTACATTGTCGTGAAG-1,0.0968
CTACATTGTGATTACC-1,0.1174
CTACATTTCGTTGCTC-1,0.1146
CTACCCAAGGATGTAT-1,0.126
CTACCCAAGGGAAACA-1,0.1194
CTACCCAGTAAGATGT-1,0.1022
CTACCCAGTAGTGACG-1,0.1178
CTACCCAGTCTAGGTT-1,0.0948
CTACCCAGTGAAGCCA-1,0.1366
CTACCCAGTGGGAAGG-1,0.0792
CTACGTCGTCCAGTGC-1,0.1246
CTACGTCTCAAGTTGC-1,0.0864
CTAGAGTAGAGATGAG-1,0.1276
CTAGAGTCAGCGGTCT-1,0.1226
CTAGAGTGTCCGAATT-1,0.1114
CTAGAGTTCACGGTAT-1,0.1292
CTAGAGTTCTCAGCGG-1,0.112
CTAGCCTAGCTGAACG-1,0.0948
CTAGCCTAGTGTACGG-1,0.1262
CTAGCCTGTCACGCAC-1,0.1804
CTAGCCTGTCGCTGTG-1,0.1388
CTAGTGAGTGATTGTC-1,0.111
CTCACACAGCGTCAAG-1,0.122
CTCACACCACGCGATC-1,0.1222
CTCACACCACTCCGAG-1,0.1338
CTCACACCAGGGACTA-1,0.1202
CTCACACTCGGAGTTT-1,0.1148
CTCAGAACACACGTGC-1,0.1232
CTCAGAATCAGTTCTT-1,0.1168
CTCAGAATCGAAAGGC-1,0.117
CTCAGAATCTGGGATT-1,0.1158
CTCATTACACGCACCA-1,0.1158
CTCATTATCAGAGTCT-1,0.091
CTCATTATCAGGACAG-1,0.1094
CTCATTATCTGCTAGA-1,0.159
CTCCTAGCACGAGTTT-1,0.1262
CTCCTAGCATCCAGCG-1,0.1384
CTCCTAGGTTCAGGTT-1,0.0878
CTCCTAGTCAGCAGCC-1,0.1148
CTCCTAGTCTACGGGC-1,0.1196
CTCCTAGTCTTGTTAC-1,0.0844
CTCGAAACAAGGTCGA-1,0.1106
CTCGAAAGTCAACCGC-1,0.1294
CTCGAAAGTCCGCAGT-1,0.1136
CTCGAGGAGTACGTAA-1,0.1346
CTCGAGGCAAACCCTA-1,0.1268
CTCGAGGCACTCTTAT-1,0.153
CTCGAGGCAGATTGTC-1,0.1182
CTCGAGGTCAAGCCGC-1,0.1272
CTCGAGGTCAGGACAG-1,0.1244
CTCGAGGTCGAGTATC-1,0.1222
CTCGAGGTCTGTCGAA-1,0.1288
CTCGGAGAGGAGTTTA-1,0.121
CTCGGAGAGTCGAGTG-1,0.1204
CTCGGAGCAACATCAC-1,0.12
CTCGGAGCAAGGTATA-1,0.1354
CTCGGGAGTCCCTTGT-1,0.118
CTCGGGATCCAACAAC-1,0.1192
CTCGTACAGACTGGCA-1,0.1126
CTCGTCAAGCCAGAAC-1,0.115
CTCGTCAAGGTGACCA-1,0.0936
CTCGTCACAGGTTAAA-1,0.1554
CTCGTCAGTGGTAAGC-1,0.111
CTCTAATAGGCTCAGA-1,0.123
CTCTAATAGTCCCACG-1,0.0902
CTCTAATCAAAGTAAC-1,0.089
CTCTAATCAGGGCTTC-1,0.0916
CTCTAATCATGCCGCA-1,0.1246
CTCTAATTCAGAGCGA-1,0.1696
CTCTAATTCGCCAACG-1,0.1508
CTCTACGAGGTATCGG-1,0.114
CTCTACGCATGAATGA-1,0.1256
CTCTACGGTCACGCAC-1,0.1114
CTCTGGTAGGCGTTGA-1,0.1354
CTCTGGTGTCTCGAGC-1,0.1172
CTGAAACAGTCTCGTA-1,0.135
CTGAAACGTGCTTCCT-1,0.1058
CTGAAACTCGATAGGG-1,0.1172
CTGAAACTCGCGAGAA-1,0.1356
CTGAAGTGTATCTCTT-1,0.1172
CTGATAGCAGTACTCA-1,0.1176
CTGATAGCATGGCTAT-1,0.1288
CTGATAGTCGATCCGG-1,0.1122
CTGATCCAGAATGTTG-1,0.1296
CTGATCCCAAGGGATC-1,0.114
CTGATCCCACTGTATG-1,0.142
CTGCCTAAGAGACTTA-1,0.1252
CTGCCTAAGAGCCCAA-1,0.117
CTGCCTACAAGTGTTC-1,0.1226
CTGCCTACAGCATGTT-1,0.1356
CTGCCTACATACCAGT-1,0.0668
CTGCCTAGTTACGCGC-1,0.101
CTGCCTATCACTTTAC-1,0.1238
CTGCCTATCAGCGCGT-1,0.0984
CTGCCTATCGTACGCG-1,0.157
CTGCGGAAGTCGTACT-1,0.1354
CTGCGGACAATTAAGG-1,0.141
CTGCGGACATGAATGA-1,0.1098
CTGCGGAGTAGTTGGG-1,0.0864
CTGCTGTAGCAGACTG-1,0.154
CTGCTGTCACGGGATA-1,0.1262
CTGCTGTCACTTCTTA-1,0.1234
CTGCTGTCACTTGTTT-1,0.1182
CTGCTGTGTGTTTCAG-1,0.126
CTGCTGTTCGACGAAG-1,0.087
CTGCTGTTCTGGGCTG-1,0.109
CTGCTGTTCTGTATTC-1,0.0968
CTGGTCTAGAAACCAT-1,0.1202
CTGGTCTAGACCGATG-1,0.1276
CTGGTCTAGGAGTCTG-1,0.1276
CTGGTCTGTCGCGCTA-1,0.1264
CTGGTCTGTTGCGGCT-1,0.1074
CTGGTCTTCGGTAAGG-1,0.1368
CTGTGCTCACAAGCTT-1,0.12
CTGTTTACAAGTGAGC-1,0.0778
CTGTTTAGTGTGATCT-1,0.1188
CTGTTTATCGAGCACC-1,0.1148
CTGTTTATCGCGGACT-1,0.123
CTTAACTAGATCTGAA-1,0.1324
CTTAACTAGGCAACAC-1,0.1116
CTTAACTCACAATGTC-1,0.0948
CTTAACTCATGAGGGT-1,0.0914
CTTAACTGTAGCTAAA-1,0.1928
CTTAACTGTAGGCTGA-1,0.1266
CTTAACTGTTTCCTGC-1,0.1208
CTTAACTTCACGCGAC-1,0.1242
CTTAACTTCCTCAGCT-1,0.125
CTTACCGCAGTTGCCG-1,0.126
CTTACCGGTGATTTGC-1,0.1196
CTTACCGTCGTATCCC-1,0.082
CTTAGGAAGGCAGTCA-1,0.1186
CTTAGGAAGGGTGTTG-1,0.1364
CTTAGGAAGTGAACAT-1,0.1186
CTTAGGACATATGTGC-1,0.139
CTTAGGAGTCGCGAAA-1,0.1324
CTTCTCTAGGCTCTTA-1,0.1342
CTTCTCTGTAACGTGG-1,0.1128
CTTCTCTGTAGCAGTG-1,0.1382
CTTCTCTTCGTATCCC-1,0.0802
CTTGGCTTCAAGAGGC-1,0.1158
CTTGGCTTCAAGCCGC-1,0.1066
CTTGGCTTCGCAACGC-1,0.122
CTTTGCGAGTAGTATG-1,0.1424
CTTTGCGGTTATCGGT-1,0.1158
CTTTGCGTCCCACGGA-1,0.1012
CTTTGCGTCCCTGAGG-1,0.1158
GAAACTCAGAAGCCCA-1,0.136
GAAACTCAGGTTCCTA-1,0.1096
GAAACTCAGTCTCGGC-1,0.1172
GAAACTCCATCTGTAG-1,0.1228
GAAACTCGTTGTTCAG-1,0.1072
GAAATGAAGGCGTTGA-1,0.1208
GAAATGAAGGGATTCG-1,0.1218
GAAATGAGTAGACCAG-1,0.1142
GAAATGAGTCTCTCGT-1,0.117
GAAATGATCCTCTGCA-1,0.1202
GAACATCCAATCGCGC-1,0.121
GAACATCCAGTAGAAT-1,0.1266
GAACATCGTAGTTCTG-1,0.129
GAACATCTCTGATCAG-1,0.1168
GAACATCTCTTCACGC-1,0.1138
GAACCTAAGGTGACCA-1,0.1186
GAACCTACAGAAAGCC-1,0.1234
GAACCTAGTCCGAAGA-1,0.0946
GAACCTAGTCTTAGTG-1,0.1224
GAACGGAAGAAGGTGA-1,0.118
GAACGGAAGCAGCCTC-1,0.1218
GAACGGAAGCTTTGGT-1,0.1332
GAACGGACACCGAACC-1,0.0786
GAACGGATCCGGTTCT-1,0.1108
GAACGGATCGGTCACG-1,0.1726
GAAGCAGAGATTCACC-1,0.0744
GAAGCAGCACACACGC-1,0.1204
GAATAAGAGCGAGAAA-1,0.1258
GAATAAGCATCCATCC-1,0.119
GAATAAGGTACGTTTG-1,0.1038
GAATAAGTCAGTACCA-1,0.1108
GAATAAGTCCTACGAA-1,0.1394
GAATAAGTCTGGCAGC-1,0.113
GAATGAAAGGCAGTCA-1,0.1424
GAATGAACACACCTAA-1,0.1344
GAATGAACATAGCACT-1,0.1136
GACACGCCAAATCGCT-1,0.1208
GACACGCCACTGTATG-1,0.1534
GACACGCGTTTGGCGC-1,0.1214
GACACGCTCACGTATG-1,0.1342
GACACGCTCCTACCCA-1,0.0866
GACACGCTCTCCATGC-1,0.098
GACAGAGAGAGTAATC-1,0.285
GACAGAGAGCAATCTC-1,0.0838
GACAGAGAGGACAGAA-1,0.121
GACAGAGCAACATCAC-1,0.1162
GACAGAGCAGCTTGAT-1,0.091
GACAGAGGTAGTTGGG-1,0.1166
GACAGAGGTCAGGTAG-1,0.1232
GACAGAGTCTATTGCT-1,0.0798
GACCAATCATTACTTC-1,0.1212
GACCAATTCGATTGCA-1,0.1128
GACCTGGAGCTATGCT-1,0.1104
GACCTGGCACCCGTGA-1,0.1406
GACCTGGCACGATCTA-1,0.1422
GACCTGGGTACGTTCA-1,0.1122
GACCTGGTCGCTCTAC-1,0.12
GACCTGGTCGTTACTT-1,0.1208
GACGCGTCATTCATCT-1,0.1102
GACGCGTGTACGTTCA-1,0.0886
GACGCGTGTCGACGCT-1,0.1198
GACGCGTGTGACGGTA-1,0.1314
GACGCGTTCCTTCGCA-1,0.1204
GACGGCTAGAGAACAG-1,0.1142
GACGGCTAGTTCGATC-1,0.1114
GACGGCTCAACACTTG-1,0.145
GACGGCTGTATGTAGA-1,0.139
GACGGCTGTCAACTCA-1,0.108
GACGGCTGTCCTACCT-1,0.115
GACGGCTTCCTGAAGT-1,0.1336
GACGGCTTCGACAATC-1,0.125
GACGGCTTCTACAAGC-1,0.0912
GACGGCTTCTCATCCG-1,0.0924
GACGTGCCATCGTCAA-1,0.1358
GACGTGCGTCGTAATC-1,0.1516
GACGTGCTCCACAGAT-1,0.1296
GACGTGCTCCGCGAGT-1,0.1182
GACGTGCTCGAACCCG-1,0.1174
GACGTGCTCGAGTATC-1,0.0802
GACGTGCTCGGGCTTG-1,0.122
GACGTGCTCTGGTAGT-1,0.105
GACGTTAAGGTATCGG-1,0.1192
GACGTTAGTAACGGCA-1,0.1198
GACGTTAGTCTGGGCT-1,0.0872
GACTAACAGCCGGTAA-1,0.1352
GACTAACCACAAACTC-1,0.1356
GACTAACCAGCATGTT-1,0.1242
GACTAACGTAATCAGA-1,0.1284
GACTAACGTTGCGGCT-1,0.1138
GACTAACTCGACTGCG-1,0.1282
GACTAACTCTGGCCTT-1,0.1116
GACTACAAGGCCCACT-1,0.1072
GACTACAAGGGATTCG-1,0.1256
GACTACAAGGTAAACT-1,0.156
GACTACACATGCCATA-1,0.1126
GACTACAGTACTCACA-1,0.1172
GACTGCGAGGTACTCT-1,0.1288
GACTGCGCAAACGAGC-1,0.0778
GAGCAGAGTAACTGTC-1,0.079
GAGCAGAGTCGTAATC-1,0.127
GAGCAGATCGTGTCAA-1,0.0924
GAGCAGATCGTTATTC-1,0.1448
GAGGTGAAGTGGTAGC-1,0.117
GAGGTGACAACTCCGG-1,0.1144
GAGGTGAGTCCCGACA-1,0.1584
GAGGTGAGTCGTGAAG-1,0.125
GAGGTGATCAGTACCA-1,0.08
GAGGTGATCCGCTCTA-1,0.1212
GAGGTGATCTGCTGAA-1,0.125
GAGTCCGAGGCTATCT-1,0.0992
GAGTCCGGTGTCAACT-1,0.097
GAGTCCGGTTTCCTGC-1,0.1142
GAGTCCGGTTTGGGCC-1,0.1082
GATCAGTAGTACGTTC-1,0.1188
GATCAGTCATCCAGGC-1,0.0934
GATCAGTTCGGGTCAC-1,0.1428
GATCGATCAGAAGACC-1,0.0952
GATCGATTCAGCACGC-1,0.1164
GATCGATTCCGTATTT-1,0.1512
GATCGATTCTGTATTC-1,0.1116
GATCGCGAGTCTAGCT-1,0.123
GATCGCGCAACGCCGT-1,0.1214
GATCGCGCATTTCGTT-1,0.1248
GATCGCGGTGATTTGC-1,0.1158
GATCGTAGTTGTCGCG-1,0.1484
GATCGTATCGCTCTGT-1,0.1072
GATCGTATCTCATGTT-1,0.1298
GATCTAGCAGCGTACC-1,0.0854
GATCTAGGTCGGGAAT-1,0.1122
GATCTAGGTTCAGTGT-1,0.118
GATCTAGTCCACTTCG-1,0.1014
GATGAAACACACGCAC-1,0.1432
GATGAAAGTAAGTGTA-1,0.1112
GATGAAAGTCTCTATT-1,0.1728
GATGAAATCCGCCTAT-1,0.1664
GATGAAATCCGTACCT-1,0.1106
GATGAGGAGGCTCTCG-1,0.1174
GATGAGGTCGGTGCAC-1,0.0832
GATGCTAAGAGTCTGG-1,0.0872
GATGCTAAGGTGTAGC-1,0.1704
GATGCTACATAGGTCT-1,0.1098
GATGCTACATGACTCA-1,0.1122
GATGCTAGTTACGGCC-1,0.1124
GATTCAGAGAGGTACC-1,0.1424
GATTCAGAGGCTAGGT-1,0.1174
GATTCAGCAGGCCGTT-1,0.169
GATTCAGGTAGTCTGT-1,0.1142
GCAAACTGTATGTAGA-1,0.1354
GCAAACTTCGTAAGGG-1,0.1684
GCAATCACATAGAGGC-1,0.1182
GCAATCACATGAGGCA-1,0.1254
GCAATCATCTCGAACA-1,0.13
GCACATACAAGGCCCT-1,0.0908
GCACATATCACGAGTT-1,0.1188
GCACATATCAGCCCGA-1,0.115
GCACTCTCAGCGTGTC-1,0.085
GCACTCTGTAGACGAC-1,0.1414
GCAGCCAAGTACGCCC-1,0.137
GCAGCCAGTCCGCAGT-1,0.119
GCAGCCATCATCTTTG-1,0.1578
GCAGTTAAGAACTCGG-1,0.1306
GCAGTTAAGGGATGGG-1,0.1002
GCAGTTACAACGCCGT-1,0.1
GCAGTTACACTGTATG-1,0.11
GCAGTTAGTACAAGAT-1,0.1222
GCAGTTATCGTTCGGG-1,0.1388
GCATACACAACAACTC-1,0.1226
GCATACAGTAGTTCTG-1,0.1222
GCATGATAGAGTGACC-1,0.1432
GCATGATAGGTATCGG-1,0.0838
GCATGATAGTACGACG-1,0.1186
GCATGATCAGCGGTCT-1,0.1196
GCATGATGTGATAAGT-1,0.1232
GCATGATTCCGCCTTA-1,0.0994
GCATGCGCATGAATGA-1,0.1522
GCATGCGGTCATGCTA-1,0.119
GCATGTAAGTACGACG-1,0.1118
GCATGTACAGTCCGCA-1,0.1536
GCATGTAGTGGCGTCT-1,0.1224
GCATGTATCGTTATTC-1,0.123
GCATGTATCTATGCAG-1,0.1252
GCCAAATAGTACACCT-1,0.1178
GCCAAATAGTCGTACT-1,0.1232
GCCAAATGTGATTTGC-1,0.1522
GCCAAATTCGTAGCGC-1,0.1298
GCCTCTACATGATGCT-1,0.1246
GCCTCTAGTAAACCTC-1,0.0922
GCGACCAAGCGAACTG-1,0.1402
GCGACCATCCTCTCAG-1,0.1002
GCGACCATCGTTATCT-1,0.118
GCGACCATCGTTGCAA-1,0.1218
GCGAGAAAGTGTGATA-1,0.1284
GCGAGAACACTCCGAG-1,0.1494
GCGAGAAGTATGAAAC-1,0.1346
GCGAGAATCTATGGTG-1,0.1176
GCGCAACAGAGGCAAA-1,0.1036
GCGCAACAGCGCGTCT-1,0.0854
GCGCAACCAAATACGA-1,0.159
GCGCAACCATACGGAG-1,0.1274
GCGCAACGTCGCAAGA-1,0.1218
GCGCAACGTTCGTCAA-1,0.0994
GCGCAACTCGAGCACC-1,0.1474
GCGCAGTCACCTGCAG-1,0.12
GCGCAGTCACTGTATG-1,0.1696
GCGCAGTCATGCCGCA-1,0.1286
GCGCAGTGTCTGCCAG-1,0.1148
GCGCAGTTCCACCGGA-1,0.1182
GCGCCAAGTAACGCGA-1,0.1204
GCGCCAAGTAGTTCTG-1,0.1062
GCGCCAAGTCAGAAGC-1,0.1968
GCGCGATCAATCCGTA-1,0.1264
GCGCGATGTTAGAATG-1,0.1646
GCGCGATTCCAACGTA-1,0.135
GCGGGTTAGACTGGCA-1,0.1288
GCGGGTTCAATCCGTA-1,0.1304
GCGGGTTGTAACGCGA-1,0.1086
GCGGGTTGTTGTCGCG-1,0.152
GCTCCTAAGCTTCAGT-1,0.117
GCTCCTAGTAAGTAAC-1,0.115
GCTCTGTCAACAGCCC-1,0.0976
GCTCTGTCAAGGTCGA-1,0.1164
GCTCTGTCAGCCAGTC-1,0.1294
GCTCTGTCAGGACCAA-1,0.1174
GCTCTGTGTGTCTGTA-1,0.1188
GCTCTGTTCGGGAAAC-1,0.1338
GCTGCAGAGAGAACAG-1,0.14
GCTGCAGCAGAAGAAG-1,0.1176
GCTGCAGGTTGAAGGC-1,0.1364
GCTGCGAAGACGTCGA-1,0.1276
GCTGCGAAGAGGGCTT-1,0.0718
GCTGCGAAGGCGACAT-1,0.116
GCTGCGACAGTGCTTA-1,0.118
GCTGCTTTCCGCTTGT-1,0.1308
GCTGCTTTCTGACGCG-1,0.1682
GCTGGGTCAACCGGAA-1,0.0878
GCTGGGTCAAGCATGG-1,0.166
GCTGGGTGTCATTACG-1,0.1314
GCTGGGTGTTGCGGCT-1,0.1336
GCTTCCAAGAGGTTAT-1,0.1344
GCTTCCAAGATGTGGC-1,0.1094
GCTTCCAAGCTCAACT-1,0.1296
GCTTCCAAGTTTAGGA-1,0.1276
GCTTCCACAAGCACGA-1,0.1324
GCTTCCACACGAAGGT-1,0.1128
GCTTCCACACTCCGAG-1,0.121
GCTTGAAAGCTCCTTC-1,0.376
GCTTGAACAATTGAAG-1,0.0958
GCTTGAACATGGAGAC-1,0.129
GCTTGAACATTCAGCA-1,0.1172
GCTTGAAGTCAGGTAG-1,0.1234
GGAAAGCGTAGTTGGG-1,0.1042
GGAAAGCGTTATGCGT-1,0.1152
GGAACTTAGCTTCAGT-1,0.1164
GGAACTTAGTGACTCT-1,0.104
GGAACTTCATTCAGTG-1,0.1284
GGAACTTTCCAGGCAC-1,0.1198
GGAATAAGTATGAAAC-1,0.092
GGAATAAGTGCACACC-1,0.1124
GGACAAGAGATGTCTC-1,0.1116
GGACAAGCAACCCAAT-1,0.1262
GGACAAGCATGGCTAT-1,0.114
GGACAAGGTGTGACAG-1,0.0946
GGACAAGTCCAACCGG-1,0.1194
GGACAGAAGGCCGAAT-1,0.1308
GGACAGAGTCGCGCTA-1,0.1244
GGACAGAGTCTTAGTG-1,0.1614
GGACAGAGTTAAACGA-1,0.123
GGACAGATCACGCGAC-1,0.0926
GGACAGATCCAGGCGT-1,0.1672
GGACAGATCTCCAGCT-1,0.3684
GGACATTCATGATGCT-1,0.1136
GGACATTCATTACAGC-1,0.117
GGACATTGTAGTGACG-1,0.1482
GGACATTGTCATCTGA-1,0.1284
GGACATTGTGACCTGC-1,0.0796
GGACATTGTGGAGCTA-1,0.1294
GGACATTTCCACTGCT-1,0.0774
GGACGTCAGACACGAC-1,0.0958
GGACGTCAGAGCTGGT-1,0.1124
GGACGTCAGGACTGGT-1,0.1102
GGACGTCCAATACTGC-1,0.1388
GGACGTCCAGAGGCTA-1,0.1212
GGACGTCGTGATACCT-1,0.1266
GGACGTCGTTGGCGTC-1,0.1302
GGACGTCTCCGCGACA-1,0.1176
GGACGTCTCCTACCTG-1,0.1172
GGACGTCTCGGTAAGG-1,0.1318
GGAGCAACATAGTGTC-1,0.1166
GGAGCAACATTACAGC-1,0.1142
GGATGTTAGAGGTAGA-1,0.0932
GGATGTTAGTTAGCGG-1,0.1902
GGATGTTCACCGGCAT-1,0.136
GGATGTTTCTCATGTT-1,0.1218
GGATTACAGGAGTTTA-1,0.119
GGATTACAGTACGTAA-1,0.2004
GGATTACCAATGGCTT-1,0.0888
GGATTACCACCTCCAT-1,0.1296
GGATTACTCTCATACT-1,0.1186
GGCAATTGTCTCCACT-1,0.0716
GGCAATTGTGCACTTA-1,0.1314
GGCAATTTCTAACACG-1,0.1252
GGCCGATAGAGCTGCA-1,0.1238
GGCCGATAGTTAGCGG-1,0.0942
GGCCGATGTAACCGAG-1,0.1126
GGCCGATGTACTCACA-1,0.1188
GGCCGATGTGGATAGC-1,0.1112
GGCCGATGTTAAGCCT-1,0.0852
GGCGACTAGAAACCCG-1,0.1298
GGCGACTCACTCTTAT-1,0.1688
GGCGACTGTCATCTGA-1,0.1272
GGCGACTGTGGTCAAG-1,0.118
GGCGACTTCTAGCAGT-1,0.1178
GGCTCGAAGATGTGGC-1,0.1092
GGCTCGAAGCCGAACA-1,0.1188
GGCTCGAGTCTGCGCA-1,0.1246
GGCTGGTAGACCTAGG-1,0.1264
GGCTGGTAGCTAACTC-1,0.1154
GGCTGGTGTTGGTATC-1,0.1142
GGGAATGTCCGCCTTA-1,0.1298
GGGAATGTCTCAGTTT-1,0.1348
GGGACCTCAACTAGTC-1,0.1272
GGGACCTGTAGTTCTG-1,0.1042
GGGAGATAGAAACCTA-1,0.1236
GGGAGATGTCAGGTAG-1,0.1122
GGGATGAAGCTAGCCC-1,0.126
GGGATGACAACAGTGG-1,0.1172
GGGATGACACCTATGA-1,0.1334
GGGATGAGTAAGTAAC-1,0.105
GGGATGAGTCATGTTG-1,0.1316
GGGATGAGTTGTAGCT-1,0.1306
GGGCACTAGCTGGTCC-1,0.1188
GGGCACTAGTGATCGG-1,0.1314
GGGCACTTCCAACCGG-1,0.1024
GGGCACTTCGAGTATC-1,0.1062
GGGCATCAGAAAGTGG-1,0.121
GGGCATCAGATATGGT-1,0.1144
GGGCATCAGTCAAGCG-1,0.1318
GGGCATCCAATCGCGC-1,0.1164
GGGCATCCATGATGCT-1,0.1128
GGGCATCCATGGATTC-1,0.0934
GGGCATCGTGCAGGTA-1,0.164
GGGCATCGTTCTGTCC-1,0.0936
GGGCATCTCACGACGC-1,0.1208
GGGTCTGAGAGCTATA-1,0.1336
GGGTCTGAGCCACCTG-1,0.154
GGGTCTGCAACAACTC-1,0.1058
GGGTCTGCATCTCGAA-1,0.1288
GGGTCTGGTCAAGTTC-1,0.131
GGGTCTGGTTACGCGC-1,0.119
GGGTCTGTCCAGGTTA-1,0.123
GGGTCTGTCTCAGCGG-1,0.3728
GGGTTGCAGCAGCCCT-1,0.1364
GGGTTGCAGCTGAACG-1,0.1228
GGGTTGCCAAGCACGA-1,0.1346
GGGTTGCCACGTGCGT-1,0.1166
GGGTTGCCAGCGTCAC-1,0.1236
GGGTTGCCATCCAGGC-1,0.2002
GGGTTGCGTCGCTTCT-1,0.1458
GGGTTGCTCACTGCGG-1,0.1228
GGTATTGAGTTCCACA-1,0.1188
GGTATTGTCCTGAAAC-1,0.116
GGTGAAGAGATCGGGT-1,0.1128
GGTGAAGAGCGATATA-1,0.1332
GGTGAAGCATACGGTT-1,0.1154
GGTGAAGGTGTGACAG-1,0.1326
GGTGAAGTCTACACCC-1,0.4646
GGTGCGTAGCAGGCTA-1,0.1214
GGTGCGTCACCCACAG-1,0.1464
GGTGCGTCATGGCTCG-1,0.1366
GGTGCGTGTGGCCTGT-1,0.151
GGTGCGTTCCCACAAA-1,0.1164
GGTGTTAGTCACATGT-1,0.1288
GGTGTTAGTTCTAGAC-1,0.185
GGTGTTATCATATCTC-1,0.1146
GTAACGTAGGCGCTCT-1,0.1388
GTAACGTGTACAAGGC-1,0.0936
GTAACGTGTATGCGGA-1,0.1156
GTAACTGAGCGCCTCA-1,0.104
GTAACTGCAAGACTTC-1,0.1196
GTAACTGGTGACATGG-1,0.148
GTAACTGGTGGCCTGT-1,0.0902
GTAACTGTCCAAACCA-1,0.1268
GTAACTGTCGACAATC-1,0.1144
GTACGTACACAGTGTT-1,0.3814
GTACGTACATTGAAGA-1,0.1298
GTACGTAGTGTCGCTG-1,0.1322
GTACGTAGTTTAGGAA-1,0.092
GTACGTATCCGGCTAG-1,0.1166
GTACTCCCACTTGAGT-1,0.1218
GTACTCCTCGGGAAAC-1,0.0758
GTACTCCTCTGGATCA-1,0.1218
GTACTTTAGACAGACC-1,0.1148
GTACTTTAGAGCCCAA-1,0.0842
GTACTTTAGATGCGAC-1,0.1138
GTACTTTAGGAGCGTT-1,0.1282
GTACTTTAGTGACTCT-1,0.1176
GTACTTTCAAATAGGT-1,0.091
GTACTTTCATTGTCTT-1,0.116
GTACTTTTCCGCACGA-1,0.1048
GTAGGCCAGGGTTCCC-1,0.1274
GTAGGCCGTAGACGAC-1,0.1228
GTAGGCCGTAGTGGCA-1,0.1194
GTAGGCCTCCGTTCAC-1,0.1114
GTAGTCAAGCCATGCC-1,0.1162
GTAGTCAAGTACGTTC-1,0.1146
GTAGTCAGTTGTTCAG-1,0.111
GTAGTCATCTTCACAT-1,0.1144
GTATCTTAGCAAAGTT-1,0.1352
GTATCTTAGCGCTCAC-1,0.115
GTATCTTGTAACTTCG-1,0.1176
GTATCTTGTCCTACCT-1,0.0942
GTATCTTTCACCAGCG-1,0.1098
GTATTCTGTCGACGCT-1,0.095
GTATTCTGTTAAGTAG-1,0.1316
GTCAAGTCACCTGCAG-1,0.123
GTCAAGTCATATCGTG-1,0.1426
GTCAAGTGTGCTCGAC-1,0.0924
GTCACAACATACGTTG-1,0.1366
GTCACAAGTACGGTGA-1,0.146
GTCACAAGTACTGCTA-1,0.1216
GTCACGGAGCGCTCAC-1,0.106
GTCACGGCAGACACGA-1,0.1278
GTCACGGTCCGCACGA-1,0.111
GTCATTTGTGTCAACT-1,0.1054
GTCATTTTCGACCATA-1,0.1172
GTCATTTTCGGGCTCA-1,0.112
GTCCTCAGTAGCAGGT-1,0.1146
GTCCTCATCACTCATT-1,0.0964
GTCGGGTCAAGTCGGA-1,0.146
GTCGGGTCAGAGACGT-1,0.1124
GTCGGGTTCATCGCGG-1,0.1192
GTCGTAAAGTAGCCGA-1,0.1248
GTCGTAAAGTTAGGTA-1,0.1372
GTCGTAACACGACGCT-1,0.1298
GTCGTAACACGTGCGT-1,0.1224
GTCGTAAGTCTTCGTC-1,0.1278
GTCGTAAGTGGCCTGT-1,0.1468
GTCTCGTAGCGACGTA-1,0.1512
GTCTCGTAGTCGTACT-1,0.09
GTCTCGTGTGTGACAG-1,0.1252
GTCTCGTTCCCGAATA-1,0.0926
GTCTCGTTCTGCACTC-1,0.116
GTCTTCGTCAGATGTC-1,0.1226
GTGAAGGAGTGAAGTT-1,0.1212
GTGAAGGGTATCTCTT-1,0.092
GTGAAGGGTCCATTGA-1,0.1284
GTGAAGGTCAGCCACG-1,0.0896
GTGAAGGTCCAGGCAC-1,0.0778
GTGCAGCCACATTGGT-1,0.1138
GTGCATAAGGCGATAC-1,0.1302
GTGCATAAGTTAGCGG-1,0.1118
GTGCATACATCCATCC-1,0.1188
GTGCATATCTCGTCTG-1,0.1202
GTGCGGTAGACACGAC-1,0.1236
GTGCGGTAGCACCGCT-1,0.129
GTGCGGTCATCTCGAA-1,0.1294
GTGCGGTGTACCACTA-1,0.149
GTGCGGTTCACGGTAT-1,0.12
GTGCGGTTCTCCACAC-1,0.116
GTGCTTCCAATGGGAC-1,0.1254
GTGCTTCCACACACGC-1,0.1394
GTGCTTCCACCAGTGC-1,0.1322
GTGCTTCGTTGCCTCT-1,0.1052
GTGCTTCTCGTGTCAA-1,0.1224
GTGCTTCTCTATGCCC-1,0.1216
GTGGGTCCATGTAGCT-1,0.1152
GTGGGTCGTCACCGCA-1,0.1332
GTGGGTCGTCTAACGT-1,0.0818
GTGTGCGGTCGCGCTA-1,0.1176
GTGTGCGTCAGTAAAG-1,0.1646
GTGTTAGAGGCATTTC-1,0.1288
GTGTTAGAGGCCCACT-1,0.1234
GTGTTAGCACATAAAG-1,0.121
GTGTTAGCACTCACCT-1,0.1228
GTGTTAGGTAACAATG-1,0.118
GTTAAGCCAAATGATG-1,0.1354
GTTAAGCCACCACATA-1,0.1286
GTTAAGCCACGCCTGA-1,0.1268
GTTAAGCGTCTAACGT-1,0.1116
GTTAAGCGTCTCTTTA-1,0.1336
GTTACAGCAACCCACG-1,0.1364
GTTACAGGTTAGAGCG-1,0.1004
GTTACAGTCGTTGCTC-1,0.0774
GTTCATTAGCGATATA-1,0.1432
GTTCATTAGGTGTGGT-1,0.1118
GTTCATTAGTAAGTAC-1,0.1104
GTTCATTCACAGCTGC-1,0.0934
GTTCATTGTGCGTCAC-1,0.1166
GTTCATTGTTCAAGAA-1,0.1318
GTTCATTTCTGAAGTC-1,0.1646
GTTCGGGAGCTATGCT-1,0.1424
GTTCGGGCAACGTTTG-1,0.1334
GTTCGGGTCATGCGCG-1,0.1422
GTTCGGGTCCTCAGTC-1,0.1556
GTTCGGGTCTTATGGG-1,0.1192
GTTCTCGAGATGTCTC-1,0.1084
GTTCTCGGTACTGTTG-1,0.1198
GTTCTCGTCCTCTCAG-1,0.0772
GTTTCTAAGAAAGCTT-1,0.1234
GTTTCTAAGGCTCTTA-1,0.1362
GTTTCTACATCAGCAT-1,0.116
TAAACCGAGTTTAGGA-1,0.133
TAAACCGCAACTGGAG-1,0.1354
TAAACCGCACGACGCT-1,0.101
TAAACCGGTAGTGACG-1,0.1182
TAAACCGTCGGAGTTT-1,0.1222
TAAACCGTCGGTGCGT-1,0.081
TAAGAGAAGCGTCGAA-1,0.1758
TAAGAGAAGGTGTTAA-1,0.1548
TAAGAGAGTAACCGAG-1,0.126
TAAGAGAGTGATTGTC-1,0.1264
TAAGAGATCAAGAAAC-1,0.0892
TAAGAGATCACTATGG-1,0.1614
TAAGAGATCCGATACA-1,0.1306
TAAGAGATCCTCATCG-1,0.1038
TAAGCGTAGGACAGTC-1,0.1164
TAAGCGTCACTAGGCC-1,0.138
TAAGCGTGTCGCTCAG-1,0.0924
TAAGCGTTCATGGTGT-1,0.1156
TAAGTGCAGATCGGGT-1,0.1188
TAAGTGCCAATAACAG-1,0.1356
TAAGTGCCATCCTGGG-1,0.1158
TAAGTGCTCATCACTT-1,0.117
TAAGTGCTCTGGGATT-1,0.1324
TACACGACAGTCCGCA-1,0.1174
TACACGAGTCAACATC-1,0.1458
TACACGAGTTGGAGCA-1,0.1316
TACAGTGCAAGTACAA-1,0.1376
TACAGTGGTTAGTCAC-1,0.1142
TACAGTGGTTCTAGTG-1,0.1388
TACCTATCAGTGAAAT-1,0.1212
TACCTATGTCAGTGGA-1,0.1274
TACCTATGTCCCACAG-1,0.1224
TACCTATGTCGCGAAA-1,0.1422
TACCTATGTCTAACGT-1,0.0784
TACCTATGTGTCTCAA-1,0.1338
TACCTATGTTCCACAA-1,0.129
TACCTATTCCGCTTGT-1,0.1102
TACCTATTCGTCTAAG-1,0.131
TACCTTACAACCTCAA-1,0.1202
TACCTTAGTGGCAAAC-1,0.1244
TACCTTAGTGGCGTCT-1,0.125
TACGGATAGACAAGCC-1,0.0894
TACGGATCATCCATCC-1,0.1272
TACGGATCATGCAGTT-1,0.154
TACGGATGTACCAACT-1,0.1154
TACGGATGTAGCCCTG-1,0.1274
TACGGATGTCCCTGGA-1,0.131
TACGGATGTCGGAAGT-1,0.1396
TACGGATTCAGCATAC-1,0.1336
TACGGGCAGAACTTCC-1,0.1094
TACGGGCCAATGGCTT-1,0.0812
TACGGGCCATACTTGG-1,0.1348
TACGGGCGTAACGGCA-1,0.1144
TACGGGCGTCCTACCT-1,0.1166
TACGGGCGTGCTTCGG-1,0.1082
TACGGGCTCCCACAAA-1,0.168
TACGGTAAGAGTACAT-1,0.1358
TACGGTAAGGACAGCT-1,0.1196
TACGGTACAAGCTATC-1,0.0976
TACGGTACAGTCCGGT-1,0.4942
TACGGTACATGTATGC-1,0.1208
TACGGTAGTCACATGT-1,0.1046
TACGGTAGTCCGGTGT-1,0.1138
TACTCATAGTGCGATG-1,0.1364
TACTCATCAACGACAG-1,0.144
TACTCATCAGTACTCA-1,0.1208
TACTCATCATATCGTG-1,0.13
TACTCATGTGGTACAG-1,0.1332
TACTCATTCCGACCAG-1,0.1418
TACTCGCAGAAGATTC-1,0.0826
TACTCGCAGAAGGTTT-1,0.1282
TACTCGCAGGTTCCTA-1,0.1298
TACTCGCCATACGGAG-1,0.1278
TACTCGCGTCCGGTTG-1,0.1182
TACTCGCTCCCTAAGA-1,0.1488
TACTTACTCGAGTACT-1,0.4832
TACTTACTCTCACCTG-1,0.1276
TACTTGTAGACAAGCC-1,0.0746
TACTTGTAGTCAAGCG-1,0.1188
TACTTGTCAACTTTCT-1,0.1234
TACTTGTCAATGGCAG-1,0.1182
TACTTGTCATTGTCTT-1,0.12
TACTTGTTCAGCGTCG-1,0.1344
TACTTGTTCCCTTATA-1,0.153
TAGACCAGTTGGTGAG-1,0.1218
TAGACCATCATCTTTG-1,0.1612
TAGACCATCCGTTCAC-1,0.115
TAGAGCTAGTCGAGTG-1,0.1476
TAGAGCTCATAGGGCA-1,0.1336
TAGAGCTTCGACAATC-1,0.0794
TAGCCGGAGACTAGAT-1,0.1068
TAGCCGGCAAAGTTAG-1,0.1288
TAGCCGGTCAATAGGA-1,0.135
TAGCCGGTCTGCTAGA-1,0.1392
TAGGCATAGCCATGCC-1,0.1274
TAGGCATAGCGAACTG-1,0.1316
TAGGCATCAGGTCTGC-1,0.1368
TAGGCATCATACGGTT-1,0.1212
TAGGCATGTGTTACGT-1,0.1186
TAGGCATTCCGTATTT-1,0.14
TAGGCATTCTTATGGG-1,0.1604
TAGTGGTAGACCGATG-1,0.1202
TAGTGGTAGACTGTAA-1,0.133
TAGTGGTAGATTGAGT-1,0.1212
TAGTGGTCATACGTTG-1,0.1586
TAGTGGTCATGAATGA-1,0.1304
TAGTGGTGTCGGGAAT-1,0.1116
TAGTTGGAGGGAACGG-1,0.1166
TAGTTGGCACGATCTA-1,0.1124
TAGTTGGCATGAGACG-1,0.156
TAGTTGGGTATGCGGA-1,0.1118
TAGTTGGGTGATTTGC-1,0.1248
TAGTTGGTCAGTGTGT-1,0.1092
TATCAGGAGGTGTTAA-1,0.1366
TATCAGGGTACGCGAA-1,0.1256
TATCAGGTCAGGTGAG-1,0.0858
TATCTCAAGACTGGCA-1,0.193
TATCTCACAAGAGACC-1,0.1226
TATCTCACAATGTAGA-1,0.1176
TATCTCACATAGGTCT-1,0.1222
TATCTCAGTACTAGGG-1,0.1054
TATCTCAGTACTCACA-1,0.1372
TATCTCAGTTCAAGGG-1,0.117
TATCTCATCGAGCGTC-1,0.1502
TATGCCCAGTGTACGG-1,0.1036
TATGCCCCAAGAACTA-1,0.1198
TATGCCCCAGAACAGC-1,0.1154
TATGCCCGTATGAAAC-1,0.1164
TATGCCCGTGGAAACC-1,0.11
TATGCCCTCGACCCTT-1,0.1204
TATGCCCTCGAGGTGA-1,0.1234
TATTACCAGCGAACTG-1,0.1038
TATTACCCACATCGAT-1,0.1256
TATTACCCACTCTGGG-1,0.1142
TATTACCTCTGATGGT-1,0.1156
TCAATCTAGAGTCCTT-1,0.1182
TCAATCTAGCCCAACC-1,0.0882
TCACAAGGTACCACTA-1,0.1186
TCACAAGGTGGTCAGA-1,0.119
TCACGAAAGACCTAGG-1,0.1296
TCACGAAAGGAATCGC-1,0.085
TCACGAACAGCGCATC-1,0.1182
TCACGAAGTAGTCTGT-1,0.1294
TCACGAAGTGCAACCC-1,0.1152
TCACGAAGTGCTTCCT-1,0.1246
TCAGATGGTCCTTGGG-1,0.1238
TCAGCAAGTCTAACGT-1,0.1144
TCAGCAAGTTTCCTGC-1,0.145
TCAGCTCAGATATGGT-1,0.1138
TCAGCTCCACTATGCA-1,0.1186
TCAGCTCGTATGCGGA-1,0.119
TCAGCTCGTTCAGGTT-1,0.0834
TCAGCTCTCCTGAAAC-1,0.1118
TCAGGATAGAACAATC-1,0.117
TCAGGATAGACCACGA-1,0.1356
TCAGGATCACTACATG-1,0.1406
TCAGGATCATACTTGG-1,0.1202
TCAGGATGTAATCAGA-1,0.12
TCAGGATGTGTGAAAT-1,0.1636
TCAGGATTCCACTAAG-1,0.13
TCAGGATTCGTGTGGC-1,0.1114
TCAGGTAAGTACGTAA-1,0.156
TCAGGTACACTACGTA-1,0.1506
TCATTACGTCAAGTCT-1,0.1196
TCATTACGTGCAACCC-1,0.1176
TCATTACTCCGCTGGA-1,0.1214
TCATTACTCGACAATC-1,0.105
TCATTTGGTGTTACGT-1,0.118
TCATTTGTCTTGCGGG-1,0.0852
TCCACACCAACGGCTC-1,0.1352
TCCACACCAAGGCCCT-1,0.121
TCCACACCAAGTCGGA-1,0.119
TCCACACCATCTGTAG-1,0.15
TCCACACGTGTCAACT-1,0.1288
TCCCGATAGAAACCTA-1,0.1304
TCCCGATGTCCAAGTT-1,0.0978
TCCCGATGTGGTACAG-1,0.1314
TCCCGATTCAGAGCGA-1,0.098
TCCCGATTCAGCATAC-1,0.128
TCGAGGCAGATCCTGT-1,0.0962
TCGAGGCCAGTGGATG-1,0.1504
TCGAGGCGTGGCCACT-1,0.1314
TCGAGGCTCAGCATAC-1,0.1124
TCGCGAGCAAATACGA-1,0.1156
TCGCGAGCACCCAAAT-1,0.1286
TCGCGAGTCAGCCCGA-1,0.1188
TCGCGAGTCGAAGCGA-1,0.0934
TCGCGAGTCTAATGGC-1,0.1154
TCGGGACAGGGCTTCC-1,0.1192
TCGGTAAAGACCCACC-1,0.1176
TCGGTAACATCCTGGG-1,0.1182
TCGGTAAGTCTTCGCT-1,0.1146
TCGGTAATCGAATGTC-1,0.1224
TCGGTAATCTTCACAT-1,0.1178
TCGTACCAGGCTAGGT-1,0.1132
TCGTACCAGGTACTCT-1,0.133
TCGTACCAGTTACGGG-1,0.1266
TCGTACCCAGACTTGT-1,0.1458
TCGTACCCATCCACGG-1,0.127
TCGTACCCATGAATGA-1,0.163
TCGTACCTCACCACGG-1,0.1324
TCGTACCTCGTAAGGG-1,0.1502
TCGTACCTCTGGTGAT-1,0.1076
TCGTAGAAGAGGTTAT-1,0.1388
TCGTAGACACACCTAA-1,0.1036
TCGTAGACACCAATAC-1,0.1304
TCGTAGAGTTGATCTG-1,0.1228
TCTATTGTCGTTGGAT-1,0.1232
TCTCATAAGAGAACAG-1,0.1376
TCTCATAAGAGACGAA-1,0.1308
TCTCATACACGTCATA-1,0.1312
TCTCATACATGTTGCA-1,0.1344
TCTCATAGTGTGATCT-1,0.0756
TCTCATAGTTGTAGCT-1,0.1238
TCTCATATCAGTGCCG-1,0.1242
TCTCTAAAGGCTGCTC-1,0.1168
TCTCTAACATTACAGC-1,0.129
TCTCTAAGTACTTGCA-1,0.1202
TCTCTAAGTCGCTCAG-1,0.115
TCTCTAAGTTCCGTCT-1,0.1166
TCTCTAATCAACTGCA-1,0.1152
TCTGAGACAAGAACTA-1,0.3702
TCTGAGACATGCAGTT-1,0.1392
TCTGAGAGTTTACTTC-1,0.1254
TCTGAGATCGCCCAGA-1,0.1272
TCTGGAACATTGAAAG-1,0.1388
TCTGGAAGTATGTAGA-1,0.1376
TCTGGAAGTGTCCGAC-1,0.135
TCTGGAATCCAACCGG-1,0.0892
TCTTCGGAGTACTTGC-1,0.1138
TCTTCGGGTACGTTTG-1,0.1248
TCTTCGGGTCATGCTA-1,0.1922
TCTTCGGTCGAGTTGT-1,0.1364
TCTTCGGTCTTATGGG-1,0.1404
TCTTTCCGTGGGAAGG-1,0.0946
TCTTTCCTCGTTCAAG-1,0.1028
TCTTTCCTCTTCACGC-1,0.115
TGAAAGACAAAGTTAG-1,0.1342
TGAAAGATCACTGCGG-1,0.1272
TGAAAGATCCTCAGTC-1,0.1366
TGAAAGATCGAGCGTC-1,0.1346
TGACAACCACGCGATC-1,0.11
TGACAACTCACGTTAG-1,0.147
TGACGGCCACTATGCA-1,0.0892
TGACGGCCAGGGATCA-1,0.1176
TGACGGCCAGTCCCTT-1,0.1134
TGACGGCCAGTGCTGC-1,0.115
TGACGGCTCAAGTGCT-1,0.073
TGACTAGCATGAGACG-1,0.13
TGACTAGTCATTTGCT-1,0.1134
TGACTAGTCTCCTGGT-1,0.1146
TGACTTTAGGGTCTCC-1,0.1222
TGACTTTAGTACGATA-1,0.127
TGACTTTCAACCTGAT-1,0.1236
TGACTTTCAAGCCAAG-1,0.0948
TGACTTTCACACCTAA-1,0.1552
TGACTTTGTTGCAGCC-1,0.1078
TGACTTTGTTGGTGAG-1,0.099
TGACTTTGTTTCCATT-1,0.1174
TGACTTTTCCTGAAGT-1,0.1404
TGACTTTTCGTTGCTC-1,0.1178
TGACTTTTCTCGAACA-1,0.1132
TGACTTTTCTCGTCTG-1,0.1186
TGAGAGGCAACTCACA-1,0.1092
TGAGAGGCAGACGAAC-1,0.114
TGAGAGGCAGATCCCG-1,0.1172
TGAGAGGTCAATAGGA-1,0.1324
TGAGAGGTCAGCGCGT-1,0.1126
TGAGAGGTCTCCTGGT-1,0.1154
TGAGAGGTCTCTAGTT-1,0.1084
TGAGCATCAGAGCTCC-1,0.125
TGAGCATGTACTACAC-1,0.1156
TGAGCATGTATACACC-1,0.12
TGAGCATTCATCGCGG-1,0.1202
TGAGCCGAGTGCGTGA-1,0.1392
TGAGCCGCAAGGCGTA-1,0.1194
TGAGCCGGTGGATAAT-1,0.1028
TGAGCCGGTTCAGTGT-1,0.0852
TGAGCCGTCCTGAAGT-1,0.1116
TGAGGGAAGAAGGCCT-1,0.1128
TGAGGGAAGAGCAATT-1,0.133
TGAGGGAAGTAGCGGT-1,0.1162
TGAGGGAGTACTGCTA-1,0.123
TGAGGGATCACACGGC-1,0.1268
TGATTTCCAACGCGTC-1,0.1364
TGATTTCCAGAGGCTA-1,0.1162
TGATTTCCAGTGGATG-1,0.1182
TGATTTCGTAAGAGAG-1,0.1016
TGATTTCTCTGCGGGT-1,0.1124
TGCACCTAGCCAGTAG-1,0.1288
TGCACCTAGTGAAGAG-1,0.1244
TGCACCTGTTAAGATG-1,0.121
TGCACCTTCGCGGCAT-1,0.1102
TGCCAAAAGGTGATTA-1,0.133
TGCCAAAAGTCGATAA-1,0.1036
TGCCAAACACAGAAAT-1,0.1126
TGCCAAACAGACGAAC-1,0.1204
TGCCAAAGTAGTGACG-1,0.1312
TGCCAAAGTTAAAGGT-1,0.1072
TGCCCATAGACCTAGG-1,0.1182
TGCCCATCACTAAGGG-1,0.1332
TGCCCATTCAGCGGCT-1,0.1178
TGCCCATTCAGGACTT-1,0.1138
TGCCCATTCCGCCTAT-1,0.1286
TGCCCTACAACCCAAT-1,0.1168
TGCCCTACAAGTGTTC-1,0.1108
TGCCCTACATACTTGG-1,0.3626
TGCCCTAGTGCCATTA-1,0.1342
TGCCCTAGTTGAAGGC-1,0.1006
TGCCCTATCCTAGACA-1,0.0966
TGCCCTATCTCCTGGT-1,0.1128
TGCCCTATCTGCACAA-1,0.1008
TGCGCAGAGAGCGAAA-1,0.108
TGCGCAGCAGGGCTTC-1,0.112
TGCGCAGTCGTTCGAA-1,0.1266
TGCGCAGTCTCGTCTG-1,0.113
TGCGGGTAGCGTCGAA-1,0.1502
TGCGGGTAGGAGTTGC-1,0.1186
TGCGGGTCAGTGAATA-1,0.1114
TGCGGGTCATAACTCG-1,0.1528
TGCGGGTCATTTCTTG-1,0.1404
TGCGGGTGTAGGTTTC-1,0.0768
TGCGGGTTCAATAGAG-1,0.1376
TGCGTGGAGGATGTAT-1,0.14
TGCGTGGAGTGGGATC-1,0.1114
TGCGTGGGTTGGAGCA-1,0.1252
TGCTACCAGATGTAAC-1,0.1148
TGCTACCCATAGAGCG-1,0.1312
TGCTACCGTAACGAGC-1,0.1108
TGCTACCGTTCTTCGC-1,0.0802
TGCTACCTCTCGAACA-1,0.0682
TGCTGCTAGACAAAGG-1,0.1308
TGCTGCTCAAACTCAC-1,0.1114
TGCTGCTCAGCTCATA-1,0.1284
TGCTGCTGTAACAGCG-1,0.138
TGCTGCTGTCTCCACT-1,0.1116
TGCTGCTGTGAAGCCA-1,0.1306
TGGACGCAGAGAACAG-1,0.1322
TGGACGCAGCACACAG-1,0.092
TGGACGCAGCTATCAC-1,0.1262
TGGACGCCAGCGTGTC-1,0.1276
TGGACGCCAGGGAAGG-1,0.1202
TGGACGCGTGTCTAAC-1,0.1314
TGGACGCTCATGGTGT-1,0.1038
TGGACGCTCCGACGTG-1,0.1472
TGGCCAGAGCCAGAAC-1,0.1124
TGGCCAGAGCGAACTG-1,0.5834
TGGCCAGCAATAGGAT-1,0.1208
TGGCCAGGTGACCCGT-1,0.1118
TGGCCAGTCATTTCGT-1,0.2088
TGGCGCAAGTGACATA-1,0.1058
TGGCTGGCAACCCAAT-1,0.119
TGGCTGGGTAACTTCG-1,0.0928
TGGCTGGGTCTTAGTG-1,0.1498
TGGCTGGGTTACGCGC-1,0.123
TGGGAAGAGAGCCCAA-1,0.125
TGGGAAGCAAGGGTGT-1,0.1114
TGGGAAGGTACCAAGG-1,0.1584
TGGGAAGGTCCGAAGA-1,0.1362
TGGGAAGTCACGGTAT-1,0.1208
TGGGCGTCAGATCGAG-1,0.1202
TGGGCGTCATCCGTTC-1,0.1236
TGGGCGTGTCACCGCA-1,0.136
TGGGCGTGTCGACGCT-1,0.1162
TGGTTAGCAGTAATCC-1,0.117
TGGTTAGGTTGACGGA-1,0.1622
TGGTTAGTCCACCCAT-1,0.119
TGGTTAGTCGTGCCTT-1,0.0838
TGGTTCCAGTGGAGAA-1,0.1264
TGGTTCCCATCATGGT-1,0.1256
TGGTTCCGTGTTCCGG-1,0.1168
TGGTTCCGTTCTAGAC-1,0.1326
TGTATTCAGACTGTAA-1,0.1128
TGTATTCAGCGCCTTG-1,0.1314
TGTATTCAGGCATTCT-1,0.0962
TGTATTCCAGTGCTTA-1,0.1362
TGTATTCGTTATGTGC-1,0.1128
TGTCCCAAGAGTCCTT-1,0.1038
TGTCCCAAGATTGAGT-1,0.1136
TGTCCCAAGGGAGTAA-1,0.1364
TGTCCCAAGGGATACC-1,0.0742
TGTCCCACAACGCTTA-1,0.1224
TGTCCCACAAGCCAAG-1,0.1006
TGTCCCACAGCCAAAG-1,0.1392
TGTCCCAGTCAGTTTG-1,0.1084
TGTCCCAGTCCATTGA-1,0.1346
TGTCCCAGTGCACACC-1,0.1266
TGTCCCATCACGATAC-1,0.127
TGTCCCATCTAGCTAG-1,0.1296
TGTGGTACAGCGTGTC-1,0.1016
TGTGGTACATACGGAG-1,0.0808
TGTGGTATCAAAGTGA-1,0.1338
TGTGTTTAGACCACGA-1,0.0984
TGTGTTTCACCTGGCA-1,0.1558
TGTGTTTGTTCTCTCG-1,0.115
TGTGTTTTCAGGTGAG-1,0.1142
TGTTCCGGTATAAGTG-1,0.142
TTAACTCAGTGCCATT-1,0.0966
TTAACTCCAGGTGTGA-1,0.123
TTAACTCCATGAGGCA-1,0.1284
TTAACTCGTCGCTCAG-1,0.1116
TTAGGACCAACATCAC-1,0.113
TTAGGACCATCTCACC-1,0.1184
TTAGGCAAGTTAGCGG-1,0.103
TTAGGCATCAGGGACA-1,0.1138
TTAGGCATCGATAGGG-1,0.101
TTAGTTCAGAATGGGA-1,0.113
TTATGCTCAACGACAG-1,0.125
TTATGCTCAACTGGAG-1,0.1362
TTATGCTGTAACCGAG-1,0.1398
TTCCCAGAGATCGGGT-1,0.1216
TTCCCAGCACCACATA-1,0.1322
TTCCCAGCATAACTCG-1,0.1504
TTCCCAGCATCGTCAA-1,0.1294
TTCCCAGGTAGTGACG-1,0.1248
TTCGAAGAGCAAAGTT-1,0.1314
TTCGAAGTCGTTGGAT-1,0.0944
TTCGGTCGTAGACCAG-1,0.1304
TTCGGTCGTCGGCATC-1,0.1014
TTCGGTCGTCGTAATC-1,0.1246
TTCTACAGTAGCTAAA-1,0.1348
TTCTCAAAGAATTCCC-1,0.1234
TTCTCAAAGAGTGACC-1,0.109
TTCTCAAAGTAACCCT-1,0.087
TTCTCAACAATGTAGA-1,0.1172
TTCTCAACACAAGGAC-1,0.118
TTCTCAACACGACGCT-1,0.1234
TTCTCAACATGGCTCG-1,0.1278
TTCTCAATCATTGGAC-1,0.1308
TTCTCCTAGTTAACGA-1,0.1066
TTCTCCTCAGATACCT-1,0.111
TTCTCCTGTTTCCTGC-1,0.1146
TTCTTAGAGTAGTATG-1,0.1084
TTCTTAGCAAATACGA-1,0.1348
TTCTTAGCATTGAAGA-1,0.1538
TTGAACGGTATGTACC-1,0.0846
TTGAACGTCTCGAGCG-1,0.1446
TTGACTTCAACCGGAA-1,0.142
TTGACTTCAACGCGTC-1,0.1044
TTGACTTGTCAAAGCG-1,0.163
TTGACTTGTCAGAAGC-1,0.0852
TTGCCGTAGGAGCGAG-1,0.1154
TTGCCGTAGGATCGCA-1,0.1198
TTGCCGTCACTGTATG-1,0.1006
TTGCCGTGTGATTGGG-1,0.0728
TTGCCGTGTGTGAAAT-1,0.1472
TTGCCGTTCACAGCCG-1,0.1474
TTGCCGTTCCACTTCG-1,0.1746
TTGCGTCAGGACAGAA-1,0.1424
TTGCGTCCACCTATGA-1,0.1344
TTGGAACAGGTGCTAG-1,0.1244
TTGGAACAGTAGTATG-1,0.161
TTGGAACCACCACGCA-1,0.0922
TTGGAACCATCATGGT-1,0.1218
TTGGAACGTAAACCTC-1,0.1104
TTGGAACGTTTACTTC-1,0.0826
TTGGCAAAGCGTGTGA-1,0.11
TTGGCAAAGTCCGGTC-1,0.091
TTGGCAATCGCCCAGA-1,0.1368
TTGGCAATCTGCCGTT-1,0.1244
TTGTAGGCAACGACAG-1,0.1148
TTGTAGGCAGGATCCC-1,0.1168
TTGTAGGTCCGAGATT-1,0.1304
TTGTAGGTCCGCTGAG-1,0.132
TTGTAGGTCCGTACCT-1,0.127
TTTACTGAGTGAAGTT-1,0.1256
TTTACTGGTCCCGACA-1,0.121
TTTACTGGTTCAAGAA-1,0.1312
TTTACTGGTTTACTCT-1,0.1272
TTTATGCAGGAGCGAG-1,0.0928
TTTATGCCAAATCGCT-1,0.1248
TTTATGCCAACAGCCC-1,0.1528
TTTATGCCATGAAAGT-1,0.0862
TTTATGCTCGCGAGAA-1,0.1434
TTTATGCTCTCCACGT-1,0.1316
TTTATGCTCTGGGACC-1,0.1132
TTTCCTCGTCAGCCGT-1,0.0898
TTTGCGCGTCCAAGTT-1,0.1154
TTTGCGCGTGATATGA-1,0.1438
TTTGCGCTCGTATTGG-1,0.114
TTTGGTTAGAGGTACC-1,0.1272
TTTGGTTAGGATGTCG-1,0.1194
TTTGGTTAGTGCCATT-1,0.4402
TTTGGTTCACCCAAAT-1,0.1744
TTTGGTTGTCCGGTTG-1,0.1248
TTTGGTTGTGCGTCAC-1,0.0878
TTTGGTTGTTAAAGGT-1,0.1164
TTTGGTTTCTACAGCA-1,0.1288
TTTGTCAAGTAGATGT-1,0.111
TTTGTCACAATTCACG-1,0.1306
TTTGTCATCGAAATCC-1,0.1014
TTTGTCATCGAACAAA-1,0.1422
TTTGTCATCGTAACCA-1,0.0814
